Year,Anomaly
185001,-0.36
185002,-0.12
185003,-0.23
185004,-0.19
185005,-0.19
185006,-0.1
185007,-0.09
185008,-0.11
185009,-0.18
185010,-0.11
185011,-0.14
185012,-0.06
185101,-0.11
185102,-0.06
185103,-0.23
185104,-0.16
185105,-0.08
185106,-0.14
185107,-0.04
185108,-0.01
185109,0.02
185110,-0.03
185111,-0.04
185112,-0.02
185201,-0.14
185202,-0.07
185203,-0.25
185204,-0.36
185205,0.01
185206,-0.06
185207,-0.04
185208,0.07
185209,-0.01
185210,-0.06
185211,-0.05
185212,-0.08
185301,-0.1
185302,-0.14
185303,-0.14
185304,-0.17
185305,-0.11
185306,-0.06
185307,-0.01
185308,-0.01
185309,-0.11
185310,-0.15
185311,-0.13
185312,-0.21
185401,-0.23
185402,-0.17
185403,-0.04
185404,-0.2
185405,-0.07
185406,-0.06
185407,-0.11
185408,-0.13
185409,-0.05
185410,-0.01
185411,-0.12
185412,0.03
185501,0.01
185502,-0.1
185503,-0.14
185504,-0.08
185505,-0.12
185506,-0.2
185507,-0.12
185508,-0.14
185509,-0.18
185510,-0.03
185511,0.04
185512,-0.2
185601,-0.08
185602,-0.07
185603,-0.27
185604,-0.16
185605,-0.11
185606,-0.14
185607,-0.33
185608,-0.3
185609,-0.18
185610,-0.44
185611,-0.47
185612,-0.36
185701,-0.28
185702,-0.33
185703,-0.31
185704,-0.36
185705,-0.33
185706,-0.29
185707,-0.22
185708,-0.17
185709,-0.19
185710,-0.24
185711,-0.27
185712,-0.15
185801,-0.15
185802,-0.3
185803,-0.18
185804,-0.19
185805,-0.2
185806,-0.18
185807,-0.19
185808,-0.21
185809,-0.19
185810,-0.2
185811,-0.18
185812,-0.18
185901,-0.1
185902,0.02
185903,-0.03
185904,-0.07
185905,-0.08
185906,-0.1
185907,-0.09
185908,-0.13
185909,-0.11
185910,-0.11
185911,-0.06
185912,-0.03
186001,-0.12
186002,-0.1
186003,-0.18
186004,-0.17
186005,-0.14
186006,-0.18
186007,-0.25
186008,-0.24
186009,-0.21
186010,-0.22
186011,-0.32
186012,-0.47
186101,-0.46
186102,-0.31
186103,-0.26
186104,-0.28
186105,-0.23
186106,-0.27
186107,-0.17
186108,-0.1
186109,-0.09
186110,-0.23
186111,-0.25
186112,-0.24
186201,-0.4
186202,-0.35
186203,-0.27
186204,-0.28
186205,-0.34
186206,-0.32
186207,-0.29
186208,-0.3
186209,-0.23
186210,-0.27
186211,-0.19
186212,-0.28
186301,-0.05
186302,-0.08
186303,-0.12
186304,-0.15
186305,-0.12
186306,-0.24
186307,-0.23
186308,-0.14
186309,-0.2
186310,-0.22
186311,-0.18
186312,-0.08
186401,-0.35
186402,-0.2
186403,-0.18
186404,-0.2
186405,-0.13
186406,-0.09
186407,-0.15
186408,-0.17
186409,-0.24
186410,-0.27
186411,-0.19
186412,-0.11
186501,-0.05
186502,-0.25
186503,-0.18
186504,-0.16
186505,-0.17
186506,-0.13
186507,-0.07
186508,-0.09
186509,-0.09
186510,-0.15
186511,-0.1
186512,-0.11
186601,0.09
186602,-0.06
186603,-0.07
186604,-0.17
186605,-0.18
186606,-0.1
186607,-0.06
186608,-0.18
186609,-0.2
186610,-0.19
186611,-0.06
186612,-0.1
186701,-0.22
186702,-0.09
186703,-0.21
186704,-0.19
186705,-0.27
186706,-0.19
186707,-0.22
186708,-0.12
186709,-0.04
186710,-0.13
186711,-0.16
186712,-0.34
186801,-0.42
186802,-0.23
186803,-0.09
186804,-0.1
186805,-0.1
186806,-0.04
186807,-0.11
186808,-0.11
186809,-0.18
186810,-0.14
186811,-0.14
186812,-0.09
186901,-0.15
186902,0.02
186903,-0.15
186904,-0.11
186905,-0.11
186906,-0.09
186907,-0.15
186908,-0.19
186909,-0.17
186910,-0.24
186911,-0.01
186912,-0.07
187001,-0.05
187002,-0.16
187003,-0.05
187004,-0.12
187005,-0.12
187006,-0.16
187007,-0.11
187008,-0.16
187009,-0.2
187010,-0.31
187011,-0.23
187012,-0.37
187101,-0.28
187102,-0.31
187103,-0.01
187104,-0.01
187105,-0.13
187106,-0.13
187107,-0.09
187108,-0.16
187109,-0.23
187110,-0.25
187111,-0.23
187112,-0.24
187201,-0.19
187202,-0.19
187203,-0.21
187204,-0.2
187205,-0.17
187206,-0.17
187207,-0.13
187208,-0.1
187209,-0.19
187210,-0.14
187211,-0.17
187212,-0.29
187301,-0.11
187302,-0.18
187303,-0.27
187304,-0.44
187305,-0.3
187306,-0.14
187307,-0.13
187308,-0.09
187309,-0.2
187310,-0.17
187311,-0.19
187312,-0.13
187401,-0.06
187402,-0.18
187403,-0.29
187404,-0.3
187405,-0.3
187406,-0.26
187407,-0.15
187408,-0.14
187409,-0.16
187410,-0.2
187411,-0.26
187412,-0.27
187501,-0.4
187502,-0.21
187503,-0.21
187504,-0.22
187505,-0.1
187506,-0.08
187507,-0.11
187508,-0.09
187509,-0.17
187510,-0.15
187511,-0.35
187512,-0.31
187601,-0.26
187602,-0.24
187603,-0.16
187604,-0.28
187605,-0.35
187606,-0.19
187607,-0.16
187608,-0.15
187609,-0.19
187610,-0.16
187611,-0.26
187612,-0.23
187701,-0.16
187702,-0.02
187703,0.03
187704,-0.1
187705,-0.05
187706,0.06
187707,0.12
187708,0.11
187709,0.13
187710,0.11
187711,0.19
187712,0.1
187801,0.1
187802,0.23
187803,0.25
187804,0.06
187805,0.04
187806,0.1
187807,0.05
187808,0.03
187809,0.02
187810,-0.05
187811,-0.09
187812,-0.08
187901,-0.07
187902,-0.04
187903,-0.04
187904,-0.06
187905,-0.05
187906,-0.12
187907,-0.08
187908,-0.18
187909,-0.14
187910,-0.08
187911,-0.24
187912,-0.31
188001,-0.16
188002,-0.18
188003,-0.11
188004,-0.15
188005,-0.07
188006,-0.2
188007,-0.23
188008,-0.14
188009,-0.17
188010,-0.31
188011,-0.18
188012,-0.17
188101,-0.16
188102,-0.17
188103,-0.08
188104,-0.02
188105,0.1
188106,-0.19
188107,-0.09
188108,-0.05
188109,-0.17
188110,-0.25
188111,-0.26
188112,-0.08
188201,0.15
188202,0.05
188203,-0.02
188204,-0.19
188205,-0.2
188206,-0.22
188207,-0.18
188208,-0.08
188209,-0.11
188210,-0.29
188211,-0.23
188212,-0.25
188301,-0.33
188302,-0.35
188303,-0.18
188304,-0.18
188305,-0.16
188306,-0.16
188307,-0.12
188308,-0.16
188309,-0.29
188310,-0.24
188311,-0.28
188312,-0.23
188401,-0.17
188402,-0.21
188403,-0.3
188404,-0.36
188405,-0.32
188406,-0.32
188407,-0.36
188408,-0.32
188409,-0.31
188410,-0.3
188411,-0.41
188412,-0.33
188501,-0.57
188502,-0.36
188503,-0.27
188504,-0.36
188505,-0.4
188506,-0.36
188507,-0.37
188508,-0.31
188509,-0.27
188510,-0.27
188511,-0.24
188512,-0.09
188601,-0.29
188602,-0.31
188603,-0.27
188604,-0.2
188605,-0.21
188606,-0.27
188607,-0.21
188608,-0.29
188609,-0.27
188610,-0.21
188611,-0.24
188612,-0.27
188701,-0.53
188702,-0.42
188703,-0.26
188704,-0.28
188705,-0.27
188706,-0.24
188707,-0.28
188708,-0.34
188709,-0.19
188710,-0.34
188711,-0.26
188712,-0.26
188801,-0.3
188802,-0.32
188803,-0.33
188804,-0.19
188805,-0.15
188806,-0.11
188807,-0.12
188808,-0.18
188809,-0.14
188810,-0.05
188811,-0.07
188812,-0.05
188901,-0.04
188902,0.1
188903,0.05
188904,0.04
188905,0.02
188906,-0.03
188907,-0.06
188908,-0.12
188909,-0.18
188910,-0.24
188911,-0.28
188912,-0.2
189001,-0.36
189002,-0.27
189003,-0.23
189004,-0.21
189005,-0.25
189006,-0.2
189007,-0.24
189008,-0.33
189009,-0.27
189010,-0.3
189011,-0.44
189012,-0.23
189101,-0.27
189102,-0.34
189103,-0.21
189104,-0.21
189105,-0.1
189106,-0.13
189107,-0.12
189108,-0.14
189109,-0.1
189110,-0.22
189111,-0.31
189112,-0.06
189201,-0.21
189202,-0.14
189203,-0.26
189204,-0.22
189205,-0.17
189206,-0.19
189207,-0.3
189208,-0.26
189209,-0.16
189210,-0.23
189211,-0.37
189212,-0.48
189301,-0.67
189302,-0.58
189303,-0.28
189304,-0.24
189305,-0.31
189306,-0.2
189307,-0.21
189308,-0.28
189309,-0.28
189310,-0.26
189311,-0.24
189312,-0.28
189401,-0.36
189402,-0.16
189403,-0.16
189404,-0.31
189405,-0.21
189406,-0.29
189407,-0.2
189408,-0.21
189409,-0.24
189410,-0.28
189411,-0.26
189412,-0.19
189501,-0.35
189502,-0.37
189503,-0.32
189504,-0.2
189505,-0.18
189506,-0.18
189507,-0.15
189508,-0.15
189509,-0.1
189510,-0.12
189511,-0.15
189512,-0.08
189601,-0.15
189602,-0.04
189603,-0.16
189604,-0.13
189605,-0.05
189606,-0.07
189607,-0.01
189608,-0.03
189609,-0.02
189610,0.03
189611,-0.07
189612,0.01
189701,-0.07
189702,-0.1
189703,-0.14
189704,0.08
189705,0.1
189706,-0.11
189707,-0.05
189708,-0.04
189709,-0.04
189710,-0.1
189711,-0.19
189712,-0.2
189801,-0.01
189802,-0.22
189803,-0.47
189804,-0.26
189805,-0.21
189806,-0.15
189807,-0.18
189808,-0.21
189809,-0.23
189810,-0.36
189811,-0.33
189812,-0.16
189901,-0.23
189902,-0.3
189903,-0.3
189904,-0.22
189905,-0.19
189906,-0.23
189907,-0.11
189908,-0.03
189909,-0.02
189910,-0.08
189911,-0.1
189912,-0.27
190001,-0.3
190002,-0.17
190003,-0.03
190004,-0.04
190005,-0.06
190006,-0.08
190007,-0.11
190008,-0.07
190009,-0.05
190010,0.05
190011,-0.08
190012,-0.06
190101,-0.12
190102,-0.08
190103,0.03
190104,-0.1
190105,-0.09
190106,-0.08
190107,-0.09
190108,-0.14
190109,-0.18
190110,-0.28
190111,-0.22
190112,-0.38
190201,-0.17
190202,-0.04
190203,-0.27
190204,-0.28
190205,-0.27
190206,-0.26
190207,-0.24
190208,-0.23
190209,-0.22
190210,-0.28
190211,-0.32
190212,-0.27
190301,-0.15
190302,-0.03
190303,-0.17
190304,-0.3
190305,-0.33
190306,-0.3
190307,-0.32
190308,-0.4
190309,-0.42
190310,-0.48
190311,-0.47
190312,-0.46
190401,-0.49
190402,-0.54
190403,-0.54
190404,-0.47
190405,-0.46
190406,-0.4
190407,-0.45
190408,-0.42
190409,-0.49
190410,-0.35
190411,-0.26
190412,-0.34
190501,-0.27
190502,-0.45
190503,-0.36
190504,-0.42
190505,-0.24
190506,-0.2
190507,-0.18
190508,-0.22
190509,-0.21
190510,-0.23
190511,-0.09
190512,-0.09
190601,-0.21
190602,-0.21
190603,-0.2
190604,-0.1
190605,-0.21
190606,-0.16
190607,-0.21
190608,-0.21
190609,-0.26
190610,-0.21
190611,-0.35
190612,-0.19
190701,-0.36
190702,-0.4
190703,-0.25
190704,-0.3
190705,-0.39
190706,-0.32
190707,-0.34
190708,-0.3
190709,-0.32
190710,-0.26
190711,-0.38
190712,-0.42
190801,-0.37
190802,-0.32
190803,-0.51
190804,-0.41
190805,-0.34
190806,-0.31
190807,-0.35
190808,-0.42
190809,-0.36
190810,-0.44
190811,-0.54
190812,-0.44
190901,-0.5
190902,-0.38
190903,-0.52
190904,-0.59
190905,-0.48
190906,-0.46
190907,-0.4
190908,-0.33
190909,-0.36
190910,-0.39
190911,-0.38
190912,-0.42
191001,-0.3
191002,-0.35
191003,-0.52
191004,-0.37
191005,-0.31
191006,-0.32
191007,-0.3
191008,-0.36
191009,-0.38
191010,-0.44
191011,-0.51
191012,-0.61
191101,-0.55
191102,-0.55
191103,-0.59
191104,-0.51
191105,-0.46
191106,-0.45
191107,-0.41
191108,-0.44
191109,-0.39
191110,-0.32
191111,-0.17
191112,-0.13
191201,-0.24
191202,-0.18
191203,-0.32
191204,-0.2
191205,-0.18
191206,-0.18
191207,-0.38
191208,-0.43
191209,-0.52
191210,-0.54
191211,-0.38
191212,-0.45
191301,-0.34
191302,-0.41
191303,-0.39
191304,-0.35
191305,-0.4
191306,-0.4
191307,-0.33
191308,-0.31
191309,-0.34
191310,-0.33
191311,-0.25
191312,-0.07
191401,0.05
191402,-0.06
191403,-0.18
191404,-0.29
191405,-0.2
191406,-0.22
191407,-0.24
191408,-0.18
191409,-0.18
191410,-0.11
191411,-0.12
191412,0.1
191501,-0.17
191502,-0.01
191503,-0.05
191504,0.08
191505,0.1
191506,-0.11
191507,-0.06
191508,-0.11
191509,-0.19
191510,-0.21
191511,-0.13
191512,-0.24
191601,-0.2
191602,-0.16
191603,-0.26
191604,-0.24
191605,-0.26
191606,-0.36
191607,-0.31
191608,-0.27
191609,-0.28
191610,-0.3
191611,-0.4
191612,-0.7
191701,-0.6
191702,-0.64
191703,-0.64
191704,-0.51
191705,-0.53
191706,-0.41
191707,-0.26
191708,-0.22
191709,-0.21
191710,-0.38
191711,-0.33
191712,-0.48
191801,-0.44
191802,-0.39
191803,-0.28
191804,-0.41
191805,-0.4
191806,-0.34
191807,-0.28
191808,-0.29
191809,-0.16
191810,-0.1
191811,-0.08
191812,-0.26
191901,-0.15
191902,-0.19
191903,-0.19
191904,-0.08
191905,-0.22
191906,-0.3
191907,-0.27
191908,-0.32
191909,-0.24
191910,-0.2
191911,-0.35
191912,-0.38
192001,-0.26
192002,-0.29
192003,-0.11
192004,-0.23
192005,-0.25
192006,-0.28
192007,-0.27
192008,-0.23
192009,-0.18
192010,-0.25
192011,-0.24
192012,-0.43
192101,-0.09
192102,-0.19
192103,-0.23
192104,-0.26
192105,-0.21
192106,-0.23
192107,-0.13
192108,-0.19
192109,-0.18
192110,-0.08
192111,-0.15
192112,-0.15
192201,-0.29
192202,-0.39
192203,-0.11
192204,-0.2
192205,-0.27
192206,-0.24
192207,-0.26
192208,-0.27
192209,-0.3
192210,-0.29
192211,-0.16
192212,-0.2
192301,-0.25
192302,-0.39
192303,-0.33
192304,-0.35
192305,-0.27
192306,-0.21
192307,-0.29
192308,-0.32
192309,-0.26
192310,-0.19
192311,-0.05
192312,-0.1
192401,-0.18
192402,-0.18
192403,-0.07
192404,-0.22
192405,-0.1
192406,-0.22
192407,-0.21
192408,-0.3
192409,-0.29
192410,-0.32
192411,-0.21
192412,-0.37
192501,-0.36
192502,-0.4
192503,-0.26
192504,-0.24
192505,-0.24
192506,-0.28
192507,-0.24
192508,-0.16
192509,-0.13
192510,-0.17
192511,0.02
192512,0.08
192601,0.12
192602,-0.1
192603,0.09
192604,-0.11
192605,-0.16
192606,-0.16
192607,-0.22
192608,-0.12
192609,-0.14
192610,-0.08
192611,-0.06
192612,-0.21
192701,-0.28
192702,-0.19
192703,-0.33
192704,-0.26
192705,-0.2
192706,-0.19
192707,-0.16
192708,-0.14
192709,-0.08
192710,-0.02
192711,-0.05
192712,-0.25
192801,-0.05
192802,-0.1
192803,-0.23
192804,-0.24
192805,-0.17
192806,-0.28
192807,-0.16
192808,-0.19
192809,-0.15
192810,-0.18
192811,-0.11
192812,-0.14
192901,-0.42
192902,-0.49
192903,-0.31
192904,-0.36
192905,-0.31
192906,-0.34
192907,-0.29
192908,-0.23
192909,-0.22
192910,-0.14
192911,-0.12
192912,-0.45
193001,-0.29
193002,-0.26
193003,-0.08
193004,-0.18
193005,-0.16
193006,-0.12
193007,-0.12
193008,-0.1
193009,-0.1
193010,-0.04
193011,0.14
193012,-0.02
193101,-0.07
193102,-0.17
193103,-0.06
193104,-0.15
193105,-0.13
193106,-0.01
193107,0.1
193108,-0.01
193109,-0.1
193110,0.02
193111,-0.09
193112,-0.05
193201,0.1
193202,-0.13
193203,-0.14
193204,-0.04
193205,-0.14
193206,-0.17
193207,-0.15
193208,-0.15
193209,-0.1
193210,-0.1
193211,-0.23
193212,-0.23
193301,-0.26
193302,-0.31
193303,-0.26
193304,-0.21
193305,-0.25
193306,-0.28
193307,-0.21
193308,-0.19
193309,-0.26
193310,-0.19
193311,-0.27
193312,-0.34
193401,-0.25
193402,-0.03
193403,-0.3
193404,-0.28
193405,-0.07
193406,-0.08
193407,-0.09
193408,-0.09
193409,-0.11
193410,-0.02
193411,0.08
193412,-0.01
193501,-0.3
193502,0.11
193503,-0.13
193504,-0.3
193505,-0.24
193506,-0.2
193507,-0.15
193508,-0.14
193509,-0.13
193510,-0.03
193511,-0.22
193512,-0.11
193601,-0.3
193602,-0.35
193603,-0.2
193604,-0.13
193605,-0.08
193606,-0.1
193607,-0.05
193608,-0.07
193609,-0.08
193610,-0.05
193611,0.01
193612,-0.1
193701,-0.09
193702,0.01
193703,-0.18
193704,-0.11
193705,-0.02
193706,0.03
193707,0.02
193708,0.06
193709,0.15
193710,0.11
193711,0.13
193712,0.03
193801,0.07
193802,0.03
193803,0.05
193804,0.07
193805,-0.03
193806,-0.09
193807,-0.06
193808,-0.03
193809,0.06
193810,0.12
193811,0.08
193812,-0.07
193901,-0.09
193902,-0.1
193903,-0.15
193904,-0.03
193905,-0.01
193906,-0.01
193907,-0.02
193908,0.02
193909,-0.01
193910,-0.01
193911,0.07
193912,0.47
194001,0.08
194002,0.08
194003,0.14
194004,0.21
194005,0.16
194006,0.12
194007,0.15
194008,0.11
194009,0.18
194010,0.15
194011,0.17
194012,0.33
194101,0.22
194102,0.33
194103,0.11
194104,0.23
194105,0.21
194106,0.16
194107,0.22
194108,0.21
194109,0.09
194110,0.36
194111,0.27
194112,0.25
194201,0.31
194202,0.06
194203,0.08
194204,0.14
194205,0.15
194206,0.1
194207,0.1
194208,-0.01
194209,0.1
194210,0.04
194211,0.08
194212,0.12
194301,-0.03
194302,0.12
194303,-0.02
194304,0.13
194305,0.13
194306,-0.02
194307,0.06
194308,0.02
194309,0.08
194310,0.25
194311,0.23
194312,0.24
194401,0.31
194402,0.25
194403,0.3
194404,0.21
194405,0.23
194406,0.24
194407,0.2
194408,0.18
194409,0.32
194410,0.29
194411,0.13
194412,0.16
194501,0.18
194502,0.06
194503,0.09
194504,0.25
194505,0.12
194506,0.11
194507,0.11
194508,0.29
194509,0.22
194510,0.18
194511,0.1
194512,-0.03
194601,0.17
194602,0.01
194603,0.02
194604,0.07
194605,-0.02
194606,-0.17
194607,-0.11
194608,-0.12
194609,-0.06
194610,-0.03
194611,-0.02
194612,-0.21
194701,-0.03
194702,-0.04
194703,0.05
194704,0.06
194705,0.03
194706,0.04
194707,-0.01
194708,-0.09
194709,-0.11
194710,0.06
194711,-0.1
194712,-0.05
194801,0.02
194802,-0.08
194803,-0.21
194804,-0.04
194805,0.05
194806,-0.02
194807,-0.04
194808,-0.05
194809,-0.1
194810,-0.05
194811,-0.07
194812,-0.19
194901,0.06
194902,-0.15
194903,0.04
194904,-0.05
194905,-0.04
194906,-0.16
194907,-0.09
194908,-0.05
194909,-0.1
194910,-0.04
194911,-0.03
194912,-0.1
195001,-0.2
195002,-0.26
195003,-0.08
195004,-0.16
195005,-0.02
195006,-0.02
195007,-0.09
195008,-0.09
195009,-0.06
195010,-0.15
195011,-0.26
195012,-0.12
195101,-0.31
195102,-0.37
195103,-0.16
195104,-0.09
195105,0.05
195106,0.04
195107,0.1
195108,0.11
195109,0.17
195110,0.13
195111,0.03
195112,0.21
195201,0.14
195202,0.11
195203,-0.03
195204,0.07
195205,0.08
195206,0.05
195207,0.07
195208,0.06
195209,0.09
195210,0.01
195211,-0.08
195212,0.05
195301,0.07
195302,0.15
195303,0.14
195304,0.26
195305,0.2
195306,0.21
195307,0.09
195308,0.1
195309,0.07
195310,0.13
195311,0.04
195312,0.07
195401,-0.2
195402,-0.06
195403,-0.14
195404,-0.08
195405,-0.11
195406,-0.06
195407,-0.09
195408,-0.05
195409,-0.01
195410,-0.01
195411,0.09
195412,-0.12
195501,0.13
195502,-0.17
195503,-0.29
195504,-0.2
195505,-0.15
195506,-0.08
195507,-0.11
195508,-0.02
195509,-0.04
195510,-0.09
195511,-0.26
195512,-0.27
195601,-0.11
195602,-0.17
195603,-0.16
195604,-0.25
195605,-0.26
195606,-0.16
195607,-0.12
195608,-0.19
195609,-0.23
195610,-0.22
195611,-0.15
195612,-0.02
195701,-0.06
195702,-0.09
195703,-0.09
195704,-0.05
195705,0.06
195706,0.15
195707,0.01
195708,0.26
195709,0.17
195710,0.09
195711,0.08
195712,0.18
195801,0.35
195802,0.26
195803,0.12
195804,0.06
195805,0.1
195806,-0.03
195807,0.02
195808,0.01
195809,-0.03
195810,0.04
195811,0.03
195812,0.08
195901,0.07
195902,0.1
195903,0.19
195904,0.17
195905,0.04
195906,0.11
195907,0.08
195908,0.04
195909,0.1
195910,-0.06
195911,-0.03
195912,0.02
196001,0.05
196002,0.11
196003,-0.25
196004,-0.09
196005,-0.04
196006,0.08
196007,0.08
196008,0.01
196009,0.13
196010,0.08
196011,-0.11
196012,0.26
196101,0.14
196102,0.17
196103,0.1
196104,0.21
196105,0.04
196106,0.1
196107,0.05
196108,0.05
196109,0.08
196110,-0.12
196111,0.04
196112,-0.09
196201,0.08
196202,0.11
196203,0.16
196204,-0.01
196205,0.02
196206,-0.06
196207,0.1
196208,0.07
196209,-0.04
196210,0.03
196211,0.11
196212,0.06
196301,0.02
196302,0.21
196303,-0.13
196304,0.01
196305,-0.02
196306,0.09
196307,0.04
196308,0.18
196309,0.13
196310,0.21
196311,0.19
196312,0.05
196401,-0.08
196402,-0.11
196403,-0.15
196404,-0.24
196405,-0.15
196406,-0.04
196407,-0.01
196408,-0.19
196409,-0.15
196410,-0.27
196411,-0.2
196412,-0.24
196501,-0.08
196502,-0.15
196503,-0.11
196504,-0.11
196505,-0.19
196506,-0.07
196507,0.1
196508,0.01
196509,-0.07
196510,0.01
196511,0.03
196512,-0.02
196601,-0.14
196602,-0.05
196603,-0.03
196604,-0.07
196605,-0.1
196606,0.11
196607,0.09
196608,-0.02
196609,0.06
196610,-0.14
196611,0.01
196612,0.01
196701,-0.11
196702,-0.15
196703,0.05
196704,0.1
196705,0.21
196706,0.02
196707,-0.02
196708,0.09
196709,-0.04
196710,0.12
196711,-0.04
196712,0.04
196801,-0.18
196802,-0.1
196803,0.17
196804,-0.04
196805,-0.17
196806,-0.13
196807,-0.05
196808,-0.03
196809,-0.11
196810,0.04
196811,-0.05
196812,-0.07
196901,-0.08
196902,-0.11
196903,0.08
196904,0.11
196905,0.18
196906,0.1
196907,0.1
196908,0.1
196909,0.14
196910,0.1
196911,0.15
196912,0.32
197001,0.15
197002,0.21
197003,0.07
197004,0.09
197005,0.05
197006,0.05
197007,0.03
197008,0.03
197009,0.06
197010,-0.03
197011,0.04
197012,-0.1
197101,-0.02
197102,-0.15
197103,-0.09
197104,-0.09
197105,-0.03
197106,-0.06
197107,0.1
197108,-0.02
197109,0.01
197110,-0.07
197111,-0.05
197112,-0.05
197201,-0.24
197202,-0.16
197203,0.06
197204,0.05
197205,0.01
197206,0.08
197207,0.06
197208,0.09
197209,0.03
197210,0.12
197211,0.06
197212,0.14
197301,0.34
197302,0.38
197303,0.35
197304,0.28
197305,0.24
197306,0.25
197307,0.15
197308,0.13
197309,0.11
197310,0.06
197311,0.02
197312,0.05
197401,-0.08
197402,-0.24
197403,-0.01
197404,-0.06
197405,-0.02
197406,-0.05
197407,0.04
197408,0.05
197409,-0.02
197410,-0.06
197411,-0.09
197412,-0.06
197501,0.06
197502,0.08
197503,0.11
197504,0.11
197505,0.08
197506,0.06
197507,0.04
197508,-0.02
197509,0.04
197510,-0.12
197511,-0.17
197512,-0.1
197601,-0.01
197602,-0.08
197603,-0.13
197604,0.04
197605,-0.11
197606,-0.05
197607,-0.03
197608,0.01
197609,0.03
197610,-0.16
197611,-0.03
197612,0.12
197701,0.2
197702,0.22
197703,0.25
197704,0.28
197705,0.28
197706,0.26
197707,0.18
197708,0.16
197709,0.2
197710,0.12
197711,0.23
197712,0.11
197801,0.15
197802,0.15
197803,0.23
197804,0.14
197805,0.1
197806,0.05
197807,0.06
197808,-0.1
197809,0.1
197810,0.07
197811,0.21
197812,0.12
197901,0.14
197902,-0.06
197903,0.2
197904,0.1
197905,0.18
197906,0.23
197907,0.23
197908,0.25
197909,0.28
197910,0.31
197911,0.31
197912,0.5
198001,0.35
198002,0.43
198003,0.32
198004,0.33
198005,0.38
198006,0.28
198007,0.27
198008,0.22
198009,0.2
198010,0.2
198011,0.27
198012,0.23
198101,0.55
198102,0.43
198103,0.45
198104,0.38
198105,0.31
198106,0.34
198107,0.27
198108,0.26
198109,0.23
198110,0.25
198111,0.31
198112,0.45
198201,0.11
198202,0.21
198203,0.12
198204,0.21
198205,0.18
198206,0.16
198207,0.18
198208,0.15
198209,0.23
198210,0.18
198211,0.13
198212,0.41
198301,0.51
198302,0.46
198303,0.44
198304,0.25
198305,0.29
198306,0.31
198307,0.31
198308,0.36
198309,0.34
198310,0.23
198311,0.37
198312,0.27
198401,0.31
198402,0.22
198403,0.28
198404,0.13
198405,0.32
198406,0.17
198407,0.16
198408,0.19
198409,0.2
198410,0.2
198411,0.11
198412,0.06
198501,0.29
198502,0.08
198503,0.25
198504,0.12
198505,0.22
198506,0.16
198507,0.1
198508,0.15
198509,0.16
198510,0.16
198511,0.14
198512,0.17
198601,0.23
198602,0.38
198603,0.33
198604,0.27
198605,0.35
198606,0.22
198607,0.13
198608,0.15
198609,0.04
198610,0.18
198611,0.13
198612,0.17
198701,0.3
198702,0.36
198703,0.15
198704,0.21
198705,0.33
198706,0.4
198707,0.46
198708,0.34
198709,0.4
198710,0.35
198711,0.26
198712,0.48
198801,0.54
198802,0.46
198803,0.46
198804,0.46
198805,0.48
198806,0.41
198807,0.39
198808,0.51
198809,0.41
198810,0.4
198811,0.16
198812,0.32
198901,0.12
198902,0.33
198903,0.36
198904,0.4
198905,0.24
198906,0.1
198907,0.33
198908,0.32
198909,0.4
198910,0.35
198911,0.19
198912,0.4
199001,0.4
199002,0.38
199003,0.78
199004,0.62
199005,0.51
199006,0.42
199007,0.36
199008,0.38
199009,0.3
199010,0.41
199011,0.42
199012,0.41
199101,0.42
199102,0.52
199103,0.38
199104,0.59
199105,0.44
199106,0.56
199107,0.41
199108,0.37
199109,0.39
199110,0.33
199111,0.31
199112,0.32
199201,0.44
199202,0.42
199203,0.46
199204,0.24
199205,0.37
199206,0.28
199207,0.13
199208,0.11
199209,0.06
199210,0.02
199211,0.05
199212,0.22
199301,0.34
199302,0.39
199303,0.38
199304,0.36
199305,0.31
199306,0.32
199307,0.31
199308,0.11
199309,0.21
199310,0.22
199311,0.1
199312,0.18
199401,0.22
199402,0.06
199403,0.3
199404,0.41
199405,0.32
199406,0.43
199407,0.32
199408,0.26
199409,0.27
199410,0.45
199411,0.42
199412,0.4
199501,0.55
199502,0.77
199503,0.49
199504,0.51
199505,0.32
199506,0.5
199507,0.44
199508,0.5
199509,0.44
199510,0.44
199511,0.48
199512,0.32
199601,0.28
199602,0.49
199603,0.37
199604,0.37
199605,0.34
199606,0.37
199607,0.35
199608,0.44
199609,0.27
199610,0.17
199611,0.44
199612,0.38
199701,0.3
199702,0.39
199703,0.52
199704,0.41
199705,0.42
199706,0.57
199707,0.42
199708,0.47
199709,0.59
199710,0.68
199711,0.65
199712,0.59
199801,0.58
199802,0.83
199803,0.68
199804,0.7
199805,0.69
199806,0.76
199807,0.7
199808,0.68
199809,0.48
199810,0.44
199811,0.45
199812,0.59
199901,0.49
199902,0.63
199903,0.39
199904,0.37
199905,0.34
199906,0.38
199907,0.41
199908,0.33
199909,0.46
199910,0.37
199911,0.38
199912,0.47
200001,0.34
200002,0.57
200003,0.59
200004,0.61
200005,0.39
200006,0.37
200007,0.41
200008,0.46
200009,0.43
200010,0.33
200011,0.33
200012,0.31
200101,0.44
200102,0.46
200103,0.57
200104,0.56
200105,0.58
200106,0.55
200107,0.62
200108,0.48
200109,0.58
200110,0.47
200111,0.71
200112,0.63
200201,0.68
200202,0.7
200203,0.86
200204,0.56
200205,0.66
200206,0.54
200207,0.59
200208,0.53
200209,0.66
200210,0.56
200211,0.62
200212,0.5
200301,0.71
200302,0.57
200303,0.61
200304,0.61
200305,0.64
200306,0.52
200307,0.6
200308,0.6
200309,0.66
200310,0.77
200311,0.55
200312,0.75
200401,0.58
200402,0.67
200403,0.66
200404,0.66
200405,0.43
200406,0.48
200407,0.32
200408,0.44
200409,0.52
200410,0.61
200411,0.72
200412,0.49
200501,0.75
200502,0.62
200503,0.77
200504,0.7
200505,0.7
200506,0.67
200507,0.66
200508,0.59
200509,0.73
200510,0.75
200511,0.78
200512,0.74
200601,0.63
200602,0.81
200603,0.67
200604,0.53
200605,0.52
200606,0.66
200607,0.55
200608,0.72
200609,0.69
200610,0.68
200611,0.72
200612,0.78
200701,0.94
200702,0.73
200703,0.69
200704,0.81
200705,0.66
200706,0.58
200707,0.59
200708,0.58
200709,0.61
200710,0.61
200711,0.58
200712,0.52
200801,0.29
200802,0.35
200803,0.74
200804,0.52
200805,0.52
200806,0.51
200807,0.57
200808,0.48
200809,0.63
200810,0.7
200811,0.71
200812,0.57
200901,0.67
200902,0.52
200903,0.54
200904,0.59
200905,0.62
200906,0.64
200907,0.72
200908,0.71
200909,0.74
200910,0.69
200911,0.81
200912,0.7
201001,0.75
201002,0.83
201003,0.9
201004,0.89
201005,0.79
201006,0.71
201007,0.66
201008,0.67
201009,0.62
201010,0.68
201011,0.79
201012,0.52
201101,0.56
201102,0.51
201103,0.68
201104,0.65
201105,0.56
201106,0.63
201107,0.72
201108,0.7
201109,0.61
201110,0.71
201111,0.6
201112,0.61
201201,0.48
201202,0.54
201203,0.55
201204,0.75
201205,0.75
201206,0.67
201207,0.64
201208,0.65
201209,0.75
201210,0.79
201211,0.8
201212,0.56
201301,0.7
201302,0.62
201303,0.68
201304,0.58
201305,0.67
201306,0.68
201307,0.61
201308,0.7
201309,0.77
201310,0.68
201311,0.81
201312,0.72
201401,0.75
201402,0.57
201403,0.82
201404,0.85
201405,0.87
201406,0.73
201407,0.62
201408,0.83
201409,0.87
201410,0.82
201411,0.69
201412,0.79
201501,0.82
201502,0.89
201503,0.97
201504,0.81
201505,0.82
201506,0.88
201507,0.77
201508,0.83
201509,0.91
201510,1.11
201511,1.06
201512,1.14
201601,1.23
201602,1.34
201603,1.35
201604,1.15
201605,1
201606,0.84
201607,0.86
201608,0.96
201609,0.92
201610,0.89
201611,0.95
201612,0.9
201701,1.06
201702,1.12
201703,1.18
201704,0.98
201705,0.91
201706,0.77
201707,0.83
201708,0.89
201709,0.84
201710,0.92
201711,0.92
201712,0.99
201801,0.83
201802,0.89
201803,0.93
201804,0.9
201805,0.82
201806,0.76
201807,0.8
201808,0.75
201809,0.81
201810,1.06
201811,0.84
201812,0.93
201901,0.92
201902,0.92
201903,1.16
201904,1.03
201905,0.9
201906,0.91
201907,0.91
201908,0.91
201909,0.97
201910,1.01
201911,0.99
201912,1.1
202001,1.14
202002,1.2
202003,1.16
202004,1.14
202005,1
202006,0.93
202007,0.91
202008,0.9
202009,0.98
202010,0.91
202011,1.06
202012,0.84
202101,0.84
202102,0.66
202103,0.89
202104,0.8
202105,0.81
202106,0.86
202107,0.92
202108,0.84
202109,0.92
202110,1
202111,0.95
202112,0.87
202201,0.93
202202,0.92
202203,1.11
202204,0.9
202205,0.86
202206,0.9
202207,0.89
202208,0.93
