horizon,mse,rmse,mae,mape,mdape,smape,coverage
38 days,0.017515176043117874,0.1323449131743184,0.10439325232930377,1.0528524804242492,0.4363447432519686,0.6648088183804856,0.7925
39 days,0.017544172013477303,0.13245441485083576,0.10466431062570786,1.0805240534690401,0.4383855242361889,0.6674044292658934,0.7925
40 days,0.01820027691292649,0.1349084019360043,0.10689511047396696,1.175703570694562,0.44667339369015346,0.6922887175853738,0.78375
41 days,0.02013543484707561,0.14189938282838163,0.11108782107039537,1.2098381530730145,0.46542354597479707,0.726090210164281,0.77
42 days,0.020677033305747227,0.14379510876850862,0.11208018430342075,1.221052932791583,0.49151928305944304,0.7508271618439198,0.76375
43 days,0.020623666677470318,0.14360942405521415,0.11186372140339101,1.2280018704554345,0.5090047785165678,0.7720564791834912,0.76875
44 days,0.020612379101022923,0.14357011910917578,0.11181443776866398,1.2544500604319901,0.530521811237034,0.8051702496777072,0.77
45 days,0.02059119744073008,0.14349633249923177,0.11167170825823661,1.2548384385897855,0.5185375869611073,0.8257193726362274,0.76875
46 days,0.02049397897213989,0.14315718274728617,0.11113623267447124,1.248974244860369,0.5185375869611073,0.8366304399505293,0.77375
47 days,0.02092033966017925,0.14463865202697118,0.11204056583772073,1.2610846042890196,0.5377533241556441,0.855139122405616,0.77
48 days,0.02013079058869539,0.14188301726667427,0.10954502074901504,1.1902912998920727,0.5217614196407416,0.8508273512784954,0.78125
49 days,0.01930096314652074,0.1389279062914314,0.1069804404861666,1.1498742976036334,0.5159251244250485,0.8369672780110398,0.79125
50 days,0.018682604323920812,0.13668432362169705,0.10553929211541334,1.1396405370342402,0.5115112394081403,0.8251444120831087,0.7925
51 days,0.01841266809246388,0.13569328683639395,0.105163299262657,1.1447450727061386,0.4982032714838127,0.8132345391875374,0.795
52 days,0.018829310720731164,0.13721993558055318,0.10541015376862545,1.1241235517709756,0.4485456914244872,0.7590768118474485,0.795
53 days,0.018743908717611227,0.13690839535109317,0.10485797193685566,1.0882583703860491,0.43257382168775815,0.7098771162260707,0.8
54 days,0.01942210706274785,0.13936321990664485,0.10734995125064677,1.136252075370296,0.4208950649995623,0.6936745129482794,0.785
55 days,0.01968776897506062,0.14031311048886566,0.10870566582917585,1.219056816668064,0.4138318828290196,0.6903500988972153,0.77875
56 days,0.01949402754069313,0.1396210139652808,0.10847300656543117,1.2093505218187095,0.406225824378987,0.6818135138961062,0.776875
57 days,0.02016737052365112,0.1420118675451144,0.11050769076493111,1.2097672844838336,0.406225824378987,0.688607296775726,0.775
58 days,0.019897709390695354,0.14105924071359294,0.10929425526903294,1.1964777543660825,0.37734143686345667,0.6841909410984021,0.77375
59 days,0.020248379361034612,0.14229680024875688,0.1100675413085784,1.1777685556185147,0.37734143686345667,0.6790993136468919,0.771875
60 days,0.020576858539425896,0.1434463611926977,0.11198967858061287,1.1789800301971065,0.37734143686345667,0.6802115452055374,0.761875
61 days,0.020195759666411805,0.14211178581107128,0.1102315157396957,1.1626927747735294,0.3637337394677217,0.6697236784131515,0.765625
62 days,0.020526120855336106,0.14326939957763524,0.11131731636460351,1.1864430159712256,0.37423186704376454,0.6800457238452244,0.760625
63 days,0.020672115836541587,0.14377800887667622,0.1120173073283963,1.1950759841680796,0.37831346168410035,0.6851082297310421,0.763125
64 days,0.02126533604653307,0.1458263900894933,0.11409636342908762,1.200229052488513,0.3841357775878288,0.6906971665248328,0.750625
65 days,0.021539912569520436,0.14676482061284454,0.11513660641394446,1.2074779032522123,0.4122628262942396,0.6960708828191146,0.743125
66 days,0.0217244586571665,0.14739219333861106,0.11549388379126223,1.215192243839608,0.4122628262942396,0.6989191207199036,0.74
67 days,0.022199448356294695,0.14899479305094757,0.11757000463649976,1.2475367974440774,0.430116534219421,0.7110247680847743,0.73
68 days,0.022954193148897562,0.15150641289693834,0.12011897663789232,1.3543261330996195,0.4364665218989337,0.729571001318821,0.7165
69 days,0.023464732947152393,0.15318202553547983,0.1213169690443624,1.3522303109822382,0.4419062085991504,0.7356819384280461,0.7175
70 days,0.02331361468537953,0.1526879650967277,0.1201094057246333,1.33482509033499,0.4364665218989337,0.7307206315523493,0.7184999999999999
71 days,0.02445331354581749,0.15637555290331506,0.12381243268885957,1.4811430134308876,0.44875861232921155,0.7640931340261983,0.7
72 days,0.026022724026626417,0.16131560379153165,0.12777179884006362,1.5100157160205483,0.500741608170232,0.7984378987349058,0.68875
73 days,0.025862836624367058,0.1608192669563167,0.12723244623640645,1.51696222163319,0.5136033257297199,0.8181487665755217,0.6975
74 days,0.02578854062590654,0.16058810860679112,0.12672797077701384,1.5184910074154885,0.5244444778540164,0.834980906547014,0.69875
75 days,0.025884453161453238,0.16088646046654528,0.12706700592172535,1.5205649382176325,0.5304019079439504,0.8620206794067405,0.69875
76 days,0.025492298218053818,0.15966307719085782,0.12577425156536218,1.477172530488935,0.5326184669555558,0.8814355703172423,0.7075
77 days,0.025002083050944555,0.1581204700566772,0.12416653842456529,1.3955737652701112,0.5326184669555558,0.8854896411878029,0.7175
78 days,0.024753407994650027,0.15733215817069957,0.12281480066125226,1.331622486973728,0.5304019079439504,0.889870692134301,0.7225
79 days,0.023913153701721413,0.15463878459727176,0.12020340862710457,1.246395646964874,0.5304019079439504,0.8852713992347511,0.73625
80 days,0.022385919325556933,0.14961924784451008,0.11667321125499916,1.2145788132735456,0.5266702002057337,0.8728338271256905,0.74625
81 days,0.021606444445128083,0.14699130737947766,0.11575954116093143,1.2139221448952986,0.5304019079439504,0.863603297639957,0.75
82 days,0.022489402370401545,0.14996467040740477,0.11850101851500126,1.210672009557044,0.5136033257297199,0.8270688546630782,0.725
83 days,0.022634032857824487,0.15044611280396875,0.11815721289302218,1.1963042932347128,0.46821349547691943,0.7889217055828054,0.72
84 days,0.02222310258768114,0.14907415130625812,0.11757831613779268,1.1623298288381827,0.4382147791741689,0.7536188669955645,0.715
85 days,0.0225397887282663,0.1501325705110863,0.11893483307133064,1.1869328014810865,0.4382147791741689,0.7382066898622875,0.715
86 days,0.022444729878884767,0.14981565298354096,0.11872868254050502,1.1655333151784755,0.4231874129868748,0.7229391104657271,0.716875
87 days,0.022738446641014386,0.15079272741420385,0.12024714221561515,1.17772601308495,0.43056572033286467,0.7293436814716242,0.705
88 days,0.022684378249597317,0.15061334021127518,0.12034148909314485,1.1432894133458917,0.42512239285638087,0.7248387747467518,0.705625
89 days,0.02222764773619867,0.14908939511648261,0.11935155142203778,1.0496851212018663,0.4135478466214552,0.7129332820281722,0.715625
90 days,0.022230435763787217,0.14909874501077203,0.1191791507921828,1.012941991953783,0.40003057362789163,0.710356631539613,0.71375
91 days,0.022207361840696768,0.14902134692954822,0.11959676322792222,1.0164616736940997,0.40003057362789163,0.7098034419601844,0.711875
92 days,0.022365443185779165,0.1495508046978657,0.12086093345197918,1.139653609450567,0.40003057362789163,0.7181378292681444,0.698125
93 days,0.022518670683692985,0.15006222270675917,0.12191836016100321,1.1501355204551884,0.4135478466214552,0.723660844336764,0.69125
94 days,0.022964887273477362,0.15154170143388704,0.1237123071595099,1.1608974068816718,0.4218048850169801,0.730464669477334,0.68125
95 days,0.024037217472798692,0.15503940619338907,0.12589776477381182,1.2014060693789315,0.43205181826405437,0.7439688692308485,0.676875
96 days,0.024583972331005177,0.15679276874589967,0.12663864914007583,1.198130247101887,0.43205181826405437,0.744213736573476,0.679375
97 days,0.02481252279120714,0.15751991236414253,0.12760132490381565,1.2117303018360446,0.4521069024137087,0.7505230513944017,0.675
98 days,0.025558124931357815,0.15986908685345586,0.12956507481078325,1.2368044313523816,0.452903671156931,0.7607016410541593,0.67
99 days,0.02618229165909241,0.16180943006849882,0.13163722425493896,1.3258659135446123,0.4575736838695086,0.7724193472021529,0.66375
100 days,0.026294857234472648,0.16215689080169443,0.13180578867598486,1.4475464829784608,0.4662623680661647,0.7759701977688294,0.66375
101 days,0.028855031298333507,0.16986768762284812,0.1357276616371143,1.5023074266219851,0.5082925229371287,0.7953040528431694,0.655
102 days,0.031101480974075967,0.1763561197522671,0.13985336601272316,1.5236152393560918,0.5276373453275114,0.8252998502945273,0.64625
103 days,0.030946821312102343,0.17591708647002527,0.1390165766612113,1.5231005728955966,0.5662864809035375,0.8340779316827076,0.6525
104 days,0.03103506819067257,0.17616772743800882,0.1395630950096587,1.520984280371184,0.5939618065745611,0.8496814080100534,0.65375
105 days,0.030944732443645998,0.17591114928749116,0.13929797479547257,1.512668735835772,0.5939618065745611,0.8720185165634402,0.6575
106 days,0.030319978335852937,0.17412632866931105,0.13703595829971346,1.433153887539488,0.6116849125951637,0.8798181343456156,0.66625
107 days,0.029626810393890413,0.17212440383016703,0.13503609041524242,1.3949687372042059,0.6116849125951637,0.8886047299806841,0.66875
108 days,0.029358531881085184,0.17134331583427811,0.13426837536809694,1.3920129523268645,0.6305565465399021,0.9008518558286377,0.66875
109 days,0.0288223903394471,0.16977158283837462,0.13298526279334497,1.2949842276880634,0.6367598792678278,0.90643619624924,0.68
110 days,0.02731708306082148,0.16527880402768372,0.12909296410237486,1.250508683109434,0.6305565465399021,0.8922590256975679,0.69625
111 days,0.027610238464315606,0.16616328855771845,0.129118197458829,1.2394835129312058,0.5939618065745611,0.8789179304051179,0.695
112 days,0.02842646612714902,0.16860150096351165,0.13174318147224262,1.234913693120336,0.5939618065745611,0.8684567947102809,0.69
113 days,0.02863561857667819,0.16922062101492888,0.13233618089081584,1.222720860132877,0.5674013626218529,0.8194864939324602,0.68
114 days,0.02915782326846478,0.17075661998430627,0.1344327959343937,1.2124418200931302,0.5276373453275114,0.7893448516086995,0.67
115 days,0.029734448617794073,0.17243679600883935,0.13620311443682726,1.2119241235289286,0.5118562847489336,0.7623643790197309,0.66
116 days,0.029065858029830527,0.1704871198355774,0.13336142248265323,1.186541510820803,0.457421543402609,0.730788992173078,0.669375
117 days,0.028757436116396508,0.169580176071369,0.1329180351347084,1.1703672356969579,0.4607779679221196,0.7207198741443829,0.67375
118 days,0.028985460662058142,0.17025116934123577,0.13402141867937686,1.1759574305121994,0.4607779679221196,0.7231563333690793,0.67875
119 days,0.029095985786483664,0.17057545481834033,0.13387637207397113,1.156014480392306,0.41876090667779303,0.7197312666832368,0.680625
120 days,0.030558281440822933,0.17480927161001195,0.13626456100653425,1.1267636690036789,0.4100021591283369,0.7148941323426938,0.676875
121 days,0.03055372495319761,0.17479623838400415,0.1367095604705656,1.1363559125176526,0.41876090667779303,0.7131945960381639,0.670625
122 days,0.031139359167893663,0.1764634782834501,0.1375528922078375,1.128571735234813,0.4014998138662522,0.7103540848101098,0.675625
123 days,0.03151323530904536,0.17751967583635725,0.13869688712962447,1.255133271680679,0.456107955209542,0.7257146327331779,0.665625
124 days,0.03138841070116132,0.17716774735024804,0.13796544682886386,1.2525715573362737,0.4280909955925909,0.7239704397560002,0.668125
125 days,0.03166771119372197,0.17795423904397997,0.13885420772622692,1.25079027865516,0.4418610086950886,0.7252172349863545,0.661875
126 days,0.03243418770726481,0.18009494081529556,0.14047042047679748,1.286076442628743,0.456107955209542,0.7336634274861383,0.659375
127 days,0.03273621173422449,0.18093151116990233,0.141611521534319,1.2835832834206702,0.46653356285712866,0.7359444844510047,0.65625
128 days,0.032810286728878146,0.1811361000156461,0.1418616060938183,1.2948416401549674,0.46653356285712866,0.7398249620166943,0.65625
129 days,0.03372436919990673,0.18364195925742768,0.14344451180205806,1.318906961119054,0.47495831610382055,0.7506338098039593,0.652
130 days,0.034392806256667116,0.1854529758636057,0.1448980895926862,1.2994835975723351,0.480607440157077,0.7582340391074515,0.65
131 days,0.03404587623618627,0.18451524662256577,0.1432144513980806,1.245393316297349,0.480607440157077,0.7497309813155222,0.6579999999999999
132 days,0.034754178630693695,0.18642472644661087,0.14514738245985734,1.275680289092557,0.4865986675641769,0.7680767722517372,0.6575
133 days,0.03683254849851676,0.19191807757091764,0.14844415115331275,1.301096793331711,0.534089401145974,0.7928176579643064,0.65625
134 days,0.036154089566867095,0.19014228768705582,0.14711657727558006,1.3018543544134813,0.544220901831704,0.8089001721322517,0.6575
135 days,0.03576046407670032,0.18910437349966372,0.14703747781020252,1.3094516562208924,0.5802906278995121,0.8317584568374602,0.65375
136 days,0.03547132054250075,0.18833831405877233,0.14642973707523121,1.3134802774645475,0.5977367943347431,0.8543200613181664,0.6575
137 days,0.035443459335924604,0.1882643336798678,0.14604417512698326,1.305281607474892,0.6059672003356257,0.8743076881977869,0.65875
138 days,0.034704517346128415,0.18629148489968192,0.1437500708309673,1.2378565833551272,0.6120415896765372,0.8840483607562248,0.6675
139 days,0.034550507651609386,0.18587766851241003,0.14365556649894137,1.1309778522366727,0.6202117087678735,0.9072292330869213,0.66875
140 days,0.03277866027772471,0.1810487787247534,0.1411046764441815,1.0727583309619138,0.6202117087678735,0.9191719891952229,0.6725
141 days,0.030477016163942494,0.17457667703316643,0.1365714478816331,1.0713457786715304,0.6165235897685439,0.9125848265394914,0.685
142 days,0.030079101892438218,0.1734332779268103,0.1362849404102466,1.0652433126269152,0.6165235897685439,0.9106667389184845,0.68875
143 days,0.031563746988265515,0.17766188952126316,0.138582210854522,1.0599565383671825,0.6165235897685439,0.9020778495674867,0.685
144 days,0.03240408864880274,0.1800113569995036,0.14117843009755585,1.1007548296511254,0.6024635587861751,0.8688864730704303,0.68
145 days,0.03226347488778446,0.17962036323252567,0.14203332768274085,1.085877942936578,0.5379753641434548,0.8298847646702834,0.68
146 days,0.0320005005796601,0.17888683735719657,0.14105040173955635,1.067021639224767,0.49811835803627524,0.7827710707655955,0.675
147 days,0.03070863554215557,0.17523879576781953,0.13829164058312005,1.1084356674181832,0.46521997466406173,0.7658760872208239,0.6729999999999999
148 days,0.030184621467380168,0.17373721957997418,0.13618799235982282,1.0850551170909801,0.42005691078999263,0.7483860412969809,0.678125
149 days,0.03155286300655364,0.17763125571405963,0.1388743809084771,1.128180912835395,0.4279503880341526,0.7598678509340046,0.668125
150 days,0.03121073402906318,0.17666559945010002,0.13816814502671987,1.1083114089714792,0.4122754466648256,0.7562851287266165,0.668125
151 days,0.03254469636490183,0.1804014865928267,0.1412542914388925,1.0965338143997645,0.43082987914170745,0.7586367364152118,0.66375
152 days,0.0331279209573216,0.18201077154202056,0.14280433081900168,1.0990687010312528,0.4185460402325585,0.7633610571842131,0.663125
153 days,0.033645359167888994,0.18342671334320143,0.14359917463946048,1.1118036182119908,0.4279503880341526,0.7656749175150377,0.658125
154 days,0.033985482343466565,0.18435151841920522,0.14446862440732997,1.1569279716140937,0.4463267761853375,0.7773934706070359,0.65125
155 days,0.03381086799478885,0.18387731778223448,0.14426040188438385,1.1549059545607063,0.4463267761853375,0.7759201379793246,0.646875
156 days,0.03313233822978853,0.18202290578327918,0.14340105181615379,1.1575672399712378,0.436842558126119,0.7759549493326984,0.644375
157 days,0.03324103441179765,0.18232123960690275,0.14416775255125308,1.341623356148298,0.4661062848213669,0.7883291887304377,0.641875
158 days,0.03360637114386303,0.18332040569413713,0.14470759726809307,1.3357698768564916,0.4787585965136964,0.7891161180884881,0.644375
159 days,0.033359232610711595,0.18264510015522342,0.14430021851644143,1.3329046688477226,0.48722851567153436,0.789391685025852,0.6508333333333333
160 days,0.03302764407672846,0.1817350931348386,0.1443610749455751,1.3500238988051008,0.5176581532874838,0.7950459491336549,0.6441666666666667
161 days,0.032894964878909076,0.18136969118049762,0.14427794726047646,1.3082748501716208,0.5176581532874838,0.7924770006031963,0.645625
162 days,0.03347574670445287,0.18296378522662038,0.14556231404679437,1.2965688573934495,0.5008177809801497,0.7997068028085521,0.643125
163 days,0.03434614652510813,0.18532713380697424,0.1483922828230499,1.4633330828169844,0.5419931222571983,0.8266218016247215,0.63
164 days,0.036298135299627214,0.1905206952003567,0.1524073819585306,1.4986012798422428,0.5805034187284006,0.8597967817147921,0.6175
165 days,0.03542030680019081,0.18820283419808218,0.1501081826114801,1.509718651293124,0.5805034187284006,0.8693492824513862,0.6275
166 days,0.0355533078003169,0.1885558479610667,0.15071581168523876,1.5076347020563994,0.6152047842055897,0.8880648715730576,0.6275
167 days,0.03543916255040905,0.18825292175796116,0.1505631168966362,1.5072766024300859,0.6447385703366306,0.9055541603545078,0.62875
168 days,0.034969372169530284,0.18700099510304827,0.15011843286355225,1.49005993748696,0.6509103499281059,0.9246013174266414,0.6325
169 days,0.03435395853148059,0.18534820887044093,0.14943286315381601,1.4719110223551801,0.667218984093223,0.9447661375165063,0.6375
170 days,0.03444066175331298,0.1855819542771144,0.1506761345981083,1.4846992737299614,0.6911844746563405,0.9787977292777488,0.64
171 days,0.034220086651190335,0.18498672020226298,0.150668568776807,1.464891912257055,0.6990855095935613,0.9950157858699056,0.6325
172 days,0.03224551493921681,0.17957036208466254,0.14738955780398996,1.4539630305750575,0.6725379325738712,0.9752285413925011,0.6325
173 days,0.032286387778197805,0.17968413335127228,0.14633252344744574,1.4348436784686467,0.6509103499281059,0.9441046301239286,0.63875
174 days,0.032885309450304386,0.18134307113949621,0.14811117246278868,1.4281331678464637,0.6237617244485116,0.9092435876773695,0.63
175 days,0.033303254621838786,0.18249179329996948,0.14930364501983873,1.5019967845480844,0.5979125831702039,0.8704576163417657,0.61375
176 days,0.032680004026203024,0.18077611575150912,0.14764245238134105,1.4549044344672748,0.5419931222571983,0.8260403745495702,0.61875
177 days,0.03280932289181871,0.18113343946333793,0.14820327524792318,1.5053304748268375,0.535369356501576,0.8311582861807486,0.61375
178 days,0.032791124332755515,0.1810831972678733,0.14696804966285007,1.475954632264445,0.535369356501576,0.822291168271594,0.6175
179 days,0.03277204667235529,0.18103051309753085,0.14679138586999382,1.4622357938814792,0.5172482788584968,0.8176492044527194,0.6175
180 days,0.03335270414543362,0.18262722728397762,0.1486317380023501,1.4609627730241461,0.5172482788584968,0.820791078053067,0.61375
181 days,0.0333662844659045,0.1826644039376706,0.14938600975932373,1.4202176050538993,0.5010313338165878,0.8161997586975781,0.6275
182 days,0.03417390093594071,0.1848618428338869,0.15134854175281984,1.4370163319962876,0.5100472815097561,0.8243615100368047,0.63375
183 days,0.03477327539801089,0.18647593785261113,0.1521823639680643,1.40657236108176,0.5100472815097561,0.8122897306324414,0.63125
184 days,0.03550340264817413,0.18842346628850168,0.15452288288940047,1.4055468044777442,0.5100472815097561,0.8140170294165919,0.6175
185 days,0.03521514971722995,0.18765700018179432,0.1540290261182069,1.4355203867763136,0.5172482788584968,0.8175479195265555,0.615
186 days,0.03527325904153578,0.1878117649177915,0.1540547543584262,1.4324477438151775,0.5189099488285887,0.8158822189583348,0.6175
187 days,0.035129225306540966,0.18742792029615268,0.15380117865087306,1.4422735867510152,0.5239612403470759,0.8178517382504745,0.615
188 days,0.03541794891713277,0.1881965698867351,0.15442385653257662,1.4602051691208313,0.5239612403470759,0.8244387257799017,0.6116666666666667
189 days,0.03520699060580717,0.18763525949513638,0.15410908457033298,1.4649168974752342,0.535369356501576,0.8247499660551015,0.60875
190 days,0.03478367173967221,0.18650381159556018,0.15289830464619,1.441536580397021,0.5300969384311864,0.8167207634636702,0.61625
191 days,0.03466733131113125,0.186191652098399,0.15231368075751148,1.452158913002959,0.5239612403470759,0.8185521982353214,0.62
192 days,0.03539852252286801,0.18814495083011928,0.15425750434596192,1.5066132676684019,0.5419861871257277,0.8475451305075586,0.615
193 days,0.035654939696592156,0.18882515641882083,0.15455102383854924,1.4535291445743022,0.5431185497183689,0.8729595709859315,0.62
194 days,0.034995896687115835,0.18707190245228125,0.15303347170149606,1.3741364824747677,0.5660217928024611,0.8839827191717933,0.6275
195 days,0.03509492023035445,0.18733638255916668,0.1533713789058473,1.382748927976691,0.5668821383415529,0.9037890491304045,0.625
196 days,0.035154182674956,0.1874944870521691,0.15354257121190654,1.3853488812805028,0.5818299968623843,0.926081260085408,0.625
197 days,0.035265879594539216,0.1877921180309206,0.15395056331464158,1.3874352689967764,0.5988614060477027,0.953716979381849,0.6275
198 days,0.03478692437511965,0.18651253141577284,0.1526225003555217,1.3742431593541897,0.63096752383119,0.9753616526658827,0.635
199 days,0.03397100818888935,0.1843122572942162,0.1504335248573453,1.2702006533875625,0.6490439725221586,0.9779821180913152,0.6475
200 days,0.0327980001958259,0.18110218164292197,0.14731128227095566,1.1927035368449652,0.614212433906631,0.9670135652712061,0.66
201 days,0.0321535894419394,0.17931421985425305,0.14688695289804463,1.1642390881676805,0.63096752383119,0.9633410228442854,0.66
202 days,0.033119887526159394,0.18198870164424877,0.1489816186851471,1.1407815576109754,0.63096752383119,0.9560773720500481,0.65
203 days,0.032665602009486115,0.1807362775136362,0.14783167520408486,1.1324902436605973,0.5707503449111655,0.9185997447424503,0.6475
204 days,0.03381978613700008,0.18390156643432942,0.14867624332774965,1.108360113603488,0.5426605118859391,0.8622648013348693,0.645
205 days,0.03300211021073319,0.18166482931688563,0.145616361706349,1.0702067461593916,0.5117089514798479,0.8035786842191783,0.66125
206 days,0.032331282959069306,0.17980901801375065,0.14405281180602786,1.1115518754017668,0.4966304279669789,0.7823972304685138,0.6625
207 days,0.032162641729607214,0.1793394594884439,0.1437072244972378,1.0907332910933525,0.4773311623590425,0.7601452262495438,0.66375
208 days,0.0314257132411155,0.17727299072649363,0.14206721896980176,1.0767000164328515,0.4673131908449939,0.7511739324791898,0.66625
209 days,0.03084270907176266,0.17562092435630403,0.1399112908890008,1.0282323213882139,0.4326123991700168,0.7356831499170196,0.67625
210 days,0.03048417844584199,0.17459718911208733,0.13953455847718868,1.0077104235223233,0.4264363039396393,0.7276913947525613,0.67
211 days,0.031191687105610617,0.17661168451042705,0.14008932429196136,0.9725892794173806,0.42128588705380277,0.711113867241729,0.6675
212 days,0.03068944393874876,0.17518402877759365,0.13879557775247733,0.9468952175584282,0.4012953133078395,0.6990904458778031,0.67125
213 days,0.030936476571457525,0.17588768169333951,0.1392961283285626,0.9855918745556751,0.4226875466660323,0.7142390180237126,0.671875
214 days,0.03102761103890292,0.17614656124631817,0.13980758711028307,0.980795865079412,0.4302549931522149,0.7164715473803025,0.669375
215 days,0.03147750607870251,0.17741901273173208,0.14103966010934313,0.9738235738798338,0.4302549931522149,0.7176921557373991,0.66
216 days,0.03219001036109684,0.17941574724950105,0.14197207435942102,0.9996711474682436,0.45820388474716645,0.7259805513111638,0.655
217 days,0.03230940027751127,0.17974815792522403,0.14249155827793072,1.0090319004633317,0.4633848823109512,0.7298638198871009,0.6466666666666667
218 days,0.03146429517249076,0.17738177801705213,0.14062941700438847,0.9891291947413091,0.4633848823109512,0.7229897161033385,0.6533333333333333
219 days,0.030708821888567953,0.1752393274598141,0.13892377917963808,0.9744301037800832,0.45820388474716645,0.7180347830270347,0.655
220 days,0.02992690862974307,0.1729939554716958,0.13731931217563204,0.9624688931896458,0.45820388474716645,0.714372987865135,0.6625
221 days,0.02932389372333882,0.1712422077740731,0.1358637246290734,0.9885688972582625,0.45820388474716645,0.7180568660003911,0.6675
222 days,0.02904320138128536,0.17042066007760137,0.13574466634985394,1.0412310809143164,0.4710511470975216,0.7346988668742336,0.6741666666666667
223 days,0.03004034296392217,0.1733215017357113,0.13771149991684378,1.0700139555574488,0.4745902895010303,0.7642751698015385,0.6708333333333333
224 days,0.030385728622648676,0.17431502695593595,0.13874257274615695,1.0711568341820088,0.4878693779788433,0.7927309607068502,0.6725
225 days,0.029811382499596174,0.17265973039361604,0.13687274203583216,1.0651248255007635,0.481986781855375,0.7983570168299228,0.67875
226 days,0.029956567461805975,0.1730796564065401,0.13742221370168894,1.0695331503643488,0.4966304279669789,0.8258176971406228,0.6775
227 days,0.02949261124504124,0.1717341295288774,0.1366129562469572,1.0530754505671172,0.5207152403603836,0.8430251944872107,0.6825
228 days,0.029143322223355982,0.1707141535531134,0.13557133033612512,1.0541850629461242,0.5384639225795662,0.8626946060263407,0.6875
229 days,0.029418373763594984,0.17151785260897764,0.13662143233992852,1.0606628687688175,0.557349297008368,0.8890842475913249,0.685
230 days,0.029258124009686314,0.17105006287542346,0.13645197074293938,1.057682403873522,0.6059873066695516,0.9076600998034466,0.68875
231 days,0.028637077673256264,0.16922493218570442,0.1346329727330462,1.021395204338635,0.5816967299033831,0.8988476191117162,0.69625
232 days,0.027833079765639694,0.1668324901379815,0.13228478559747103,0.9793498538269422,0.5512519678732375,0.8723341987511983,0.69875
233 days,0.028202379183276772,0.16793564000317732,0.13341689024402595,0.9638829076888143,0.5384639225795662,0.8509372205369578,0.68375
234 days,0.02745443225191717,0.16569379062571166,0.13012715183489224,0.9390971363539335,0.481986781855375,0.7944809470053609,0.68375
235 days,0.028607670384772597,0.16913802170054076,0.1327258440708145,0.9160240738194783,0.4670166042356374,0.7460958931681485,0.67
236 days,0.027831903018285177,0.16682896336753153,0.1302770439903217,0.8773400942574585,0.43577265152697625,0.7053370408228546,0.6825
237 days,0.02660826289725108,0.16312039387290322,0.12675749446749898,0.8634955656996083,0.4226875466660323,0.6835306200313082,0.695625
238 days,0.026123899878102236,0.16162889555429819,0.1262078986353054,0.8969090772205658,0.4242542763556975,0.6894900718454602,0.69375
239 days,0.025311987318493913,0.15909741455628346,0.1251797615541269,0.9025917004608821,0.4151393063947303,0.692637471727675,0.696875
240 days,0.025658169344853585,0.16018167605832317,0.12626991597492862,0.8671391176677904,0.4151393063947303,0.6910664914060335,0.6925
241 days,0.02518236502789764,0.1586895240017363,0.12497856949603023,0.8618330890185975,0.399757964830014,0.6895025396729041,0.70375
242 days,0.025245740431781436,0.15888908216671602,0.12451121618030044,0.8475288593837906,0.3904556565476124,0.6812270320925329,0.710625
243 days,0.025619956087929247,0.16006235062602714,0.12557804598731903,0.843412740347149,0.3938405163123454,0.6884004694186362,0.7125
244 days,0.02575782492811315,0.16049244508111013,0.12570832928456638,0.8351384423419518,0.3904556565476124,0.6887900305619205,0.71375
245 days,0.02579629444768003,0.1606122487473481,0.1257610710066931,0.8357689181203544,0.3938405163123454,0.6898218565131294,0.71625
246 days,0.026061524063546348,0.16143582026163322,0.1266076706053026,0.8538145529019713,0.4087067915624898,0.6990514291649851,0.72
247 days,0.02492580502985282,0.15787908357300792,0.12483194575800446,0.8393828898404655,0.4151393063947303,0.6965582654705108,0.725
248 days,0.024074849192950096,0.15516072052214147,0.12295641807930008,0.8321115628957293,0.4151393063947303,0.6943753731910121,0.7314285714285714
249 days,0.02407127503135826,0.15514920248379707,0.12340055761876273,0.8456332361074561,0.4256456276115026,0.7015716965388279,0.7292857142857143
250 days,0.02387500973020949,0.15451540288983973,0.1230552025471796,0.8374456028672475,0.4289830679165564,0.6986609269459352,0.73375
251 days,0.023626231292778455,0.15370826683291453,0.1220334589301562,0.8271444123538448,0.4202448231722691,0.6923050501329598,0.73875
252 days,0.02361211588343024,0.15366234373922014,0.12231332147357288,0.9863947582212318,0.43577265152697625,0.7085479986409069,0.7325
253 days,0.02453659667987289,0.15664161860716613,0.12443026961998055,1.013732376310567,0.44422729286532814,0.7376063318453994,0.72625
254 days,0.02419937161020106,0.15556147212661964,0.1238875658495107,1.0177673662727924,0.45993394940641147,0.7579726844995082,0.72875
255 days,0.023552341246021583,0.15346772053438984,0.12158350466804312,1.0116670574252657,0.45993394940641147,0.7690726862509978,0.7375
256 days,0.023765381015137147,0.15416024460001726,0.12256739427546826,1.0237559490231931,0.47370480591782527,0.8021413305118363,0.735
257 days,0.023993907734608633,0.1548996698983204,0.12317188795005764,1.0317560743290235,0.5211601770816543,0.8293945481458735,0.73375
258 days,0.023848594804282405,0.15442990255867678,0.1221458092208399,1.0478100980720706,0.5211601770816543,0.8469710795948409,0.735
259 days,0.024274018527170885,0.1558012147807933,0.12399272896348627,1.0454978241279058,0.5790787966537896,0.8749394608980388,0.72375
260 days,0.024028897680008553,0.15501257265140964,0.12312583728665621,1.0180463280105407,0.5790787966537896,0.8815304346820589,0.72375
261 days,0.022399219556828602,0.1496636881706067,0.11900458849697947,1.0217755898939227,0.5447867975177495,0.8698326652042598,0.735
262 days,0.021434587533560055,0.14640555841073813,0.11678701025654661,1.0058274309103492,0.5211601770816543,0.8516543900870827,0.7375
263 days,0.021857411874820022,0.14784252390574243,0.11849911006549263,1.0025335974323983,0.5211601770816543,0.8475392714300588,0.73
264 days,0.021537192355943778,0.14675555306680485,0.11797822606422198,0.986243894611141,0.5018073206527008,0.8053751144621615,0.73375
265 days,0.02167481313896067,0.14722368402862587,0.11792796727452369,0.9408549775460016,0.45993394940641147,0.7501240379909468,0.73375
266 days,0.02137758871099592,0.14621076810890477,0.11665988698125,0.9209714646746341,0.44422729286532814,0.7080498058886647,0.72875
267 days,0.021140428213835924,0.1453974835196123,0.11602282487488617,0.926211218407457,0.44105740594338294,0.6939039231940535,0.7325
268 days,0.020589632137322234,0.14349087823733686,0.11460735196124318,0.9172785472174881,0.4087067915624898,0.6795181501447609,0.74375
269 days,0.02064790845630333,0.14369380103645157,0.1151752028347893,0.9407993021406004,0.4087067915624898,0.6891835063768856,0.745625
270 days,0.019879540397971372,0.1409948240112784,0.11350672600111507,0.9346109040381602,0.3976442885841265,0.6840525676998328,0.755
271 days,0.02009305312067763,0.1417499669159666,0.11447061151144063,0.9299158906208389,0.387353238983954,0.6847457095485384,0.74875
272 days,0.019845290763374136,0.1408733145892938,0.11353472533672124,0.933633883211831,0.37249221551824196,0.6802545773070472,0.750625
273 days,0.019424728118554366,0.13937262327499747,0.11165778300916479,0.8970464538979442,0.33870485066109624,0.6636237506011823,0.76125
274 days,0.019082939401353444,0.1381410127418843,0.11061419237023726,0.9116661428562856,0.35667430319059623,0.6667557664144149,0.76875
275 days,0.01891592525971154,0.1375351782625505,0.11000076775362272,0.9123110249826115,0.37609018739930355,0.6666943877426551,0.77125
276 days,0.018992069708757223,0.13781171832887515,0.11033709345335209,0.89984724989307,0.37609018739930355,0.6661203745268323,0.76625
277 days,0.019164991359622862,0.13843768041838486,0.11116842873090488,0.8852558600101804,0.38260250734889356,0.6678927590609314,0.76375
278 days,0.018894613892234565,0.13745768036830305,0.11032946688765774,0.8710858521736058,0.38260250734889356,0.6651515043202971,0.76625
279 days,0.018455280643867155,0.1358502140000786,0.10929218236358589,0.8730695827844225,0.38260250734889356,0.6659701581897336,0.76875
280 days,0.018104264234107117,0.13455208743868347,0.10831900847063812,0.869161756026114,0.3905186360874353,0.6641622501717067,0.7727272727272727
281 days,0.018134044574298087,0.13466270669453398,0.1083036843311768,0.9871446196514937,0.3905186360874353,0.6668354509665371,0.7731818181818181
282 days,0.017851576975516075,0.13360979371107523,0.1073849360247468,0.9810106700765263,0.3988745103456779,0.6634440746273677,0.7786363636363636
283 days,0.0179994432663057,0.13416200380996737,0.10838627688415738,1.1137603516315489,0.41037563018398504,0.6817775912377126,0.77375
284 days,0.018764965856579635,0.13698527605761004,0.11055175946050316,1.161511528771172,0.44546176176788554,0.7115646085579063,0.76375
285 days,0.018549362642199543,0.13619604488456905,0.11043302273056738,1.1655601846484216,0.4550522634429873,0.7330153002637246,0.76375
286 days,0.01805139084157088,0.13435546450208447,0.1087777106836463,1.1718589536462585,0.4585764532067428,0.7452004347332157,0.76875
287 days,0.018229961306192012,0.13501837395773958,0.10958169653606445,1.1893413199732703,0.4969660312731873,0.7779745959331364,0.765
288 days,0.01829751055242203,0.1352682910087284,0.10992449366526272,1.1954421654605776,0.5099440084110625,0.8062207919989243,0.76875
289 days,0.018171545329405073,0.13480187435419833,0.10938504637453444,1.200877597495506,0.5180341431068327,0.8260036455935135,0.77
290 days,0.018081639002517146,0.1344679850466911,0.10916265361553014,1.2103025228914719,0.5279213538766263,0.8455725713384545,0.77
291 days,0.017798887731561696,0.13341247217393767,0.10793724286995436,1.0936969787652497,0.5279213538766263,0.8466303674126137,0.78125
292 days,0.016551572651030782,0.12865291543929652,0.10432800282000171,1.039288940235043,0.5142273443442056,0.8283553932626375,0.795
293 days,0.015977768556868138,0.12640319836486788,0.10313375812020938,1.0287868388172914,0.5099440084110625,0.8162012785229424,0.79875
294 days,0.016484968293753077,0.12839380161734085,0.10491643609927913,1.010471680134557,0.5072184980584882,0.7837050861508777,0.78375
295 days,0.016240799873711347,0.12743939686655514,0.1038002263663773,0.9757548428326551,0.44105740594338294,0.7306731598497798,0.785
296 days,0.016376258175491893,0.12796975492471607,0.10459049470875151,0.9708655542727703,0.42466938122534437,0.6949329051415478,0.77875
297 days,0.015989176435041563,0.12644831527166173,0.10336789930776445,0.9223684051764249,0.4050636161277725,0.6605674127701816,0.7925
298 days,0.01562510580741026,0.12500042322892455,0.10109288577001531,0.9091459968545078,0.38781011017214917,0.6396353355502921,0.80375
299 days,0.015568584431140484,0.12477413366215165,0.10015696515528731,0.9279454887690218,0.38420004650183076,0.6433040758913167,0.80375
300 days,0.01512295465633129,0.12297542297683424,0.09894341823800054,0.9222215075620316,0.3648046391974574,0.6397969181271232,0.81375
301 days,0.015497120896817651,0.12448743268626616,0.10037919699380334,0.9100629046760157,0.38420004650183076,0.6406683429077872,0.81375
302 days,0.015202716466508795,0.12329929629364798,0.09929883208672666,0.9038308953346621,0.3533171637042569,0.6377261010065751,0.821875
303 days,0.01480927889920225,0.12169338067126843,0.09752878787332764,0.8853768580608263,0.3533171637042569,0.6266019277214283,0.82875
304 days,0.014577917454642408,0.12073904693446279,0.09657995416646324,0.9818263433822966,0.38781011017214917,0.6303693760721985,0.825
305 days,0.014841796660451191,0.12182691271000505,0.09695833644913426,0.982638604123256,0.3927556127341467,0.6320252349687161,0.8175
306 days,0.01488556657621693,0.12200642022540015,0.09733317117295755,0.9839638720195913,0.3927556127341467,0.6332035961281115,0.8175
307 days,0.014952623831659158,0.12228092178119675,0.09745156322836478,0.9955684999536287,0.3927556127341467,0.6354951025722172,0.8175
308 days,0.01473494360365708,0.12138757598558873,0.09611910836596817,0.9797169753195726,0.38781011017214917,0.6296576195347331,0.8225
309 days,0.01469111337004754,0.1212069031451903,0.09567425166291668,0.9766516920776713,0.3900616434749875,0.6293101850590026,0.825
310 days,0.014660142616685355,0.12107907588301686,0.09551646427446832,0.9797485108324993,0.3927556127341467,0.6312752629189025,0.825
311 days,0.015260363214213203,0.1235328426541428,0.09697919917570381,0.993144108471084,0.40224727724296205,0.638989384247381,0.82
312 days,0.015210899244627197,0.12333247441216444,0.09662003403890417,0.9881327030610175,0.40224727724296205,0.6363343584159867,0.82
313 days,0.015494278649921343,0.12447601636428338,0.09793696706210848,1.0956079177767264,0.40639937390662817,0.6570443905824309,0.81875
314 days,0.01649834698979907,0.12844589129201087,0.10053086300755615,1.1292991402715145,0.4294445992460023,0.6893715322723426,0.8125
315 days,0.016604625330563914,0.12885893578081387,0.10042750844931826,1.1370189747551007,0.43412700302793295,0.7084132113555117,0.81375
316 days,0.016538738674624874,0.12860302747068156,0.1002461924154415,1.1472841384750496,0.44960139338595684,0.7321027355244205,0.815
317 days,0.01664552071404595,0.12901752095760463,0.1009838051036935,1.1644610933104715,0.470124232490189,0.7676610006616075,0.815
318 days,0.016625399534226037,0.12893951890024266,0.10066611514343446,1.1717328912876945,0.5230639533260619,0.7852837483569037,0.815
319 days,0.016265649684472912,0.12753685618076413,0.09917466863951407,1.0754532135415678,0.5230639533260619,0.7856531649877732,0.81875
320 days,0.0160813519916298,0.1268122706666425,0.09850096024592993,1.0818833577071394,0.5230639533260619,0.8023154733981088,0.82
321 days,0.015662333968918963,0.12514924677727374,0.0967060090173522,0.9906433823140702,0.5195718211433918,0.7987867185104358,0.8275
322 days,0.014674029464384432,0.12113640850043571,0.09328838059342845,0.9271844105677199,0.5069914538813767,0.7749954682924054,0.84125
323 days,0.013990805417269261,0.11828273507688795,0.09138411000896239,0.9185003504725425,0.49201876665219807,0.7591020103811824,0.84875
324 days,0.014129232085816323,0.1188664464254582,0.09237411269683637,0.907349362422215,0.48109125405298864,0.7480954309946941,0.85
325 days,0.01446525069090799,0.12027157058468967,0.09264331010557658,0.8854731771397879,0.44960139338595684,0.7020159902694327,0.845
326 days,0.014639927421945885,0.12099556777810452,0.09358738161357812,0.859779769960283,0.4273477183152937,0.6591442402404384,0.84
327 days,0.014637554614820397,0.12098576203347398,0.09358689334049947,0.8443471985023576,0.408992541218653,0.6275870005144121,0.83375
328 days,0.014226478771701379,0.11927480359112472,0.09111166564424586,0.8180277720086836,0.4011583989474654,0.5961255625967018,0.8425
329 days,0.013656714190553747,0.1168619450058647,0.08955301687010424,0.8159344532071198,0.4011583989474654,0.5863308724538482,0.856875
330 days,0.013981201440796797,0.11824213056604146,0.09050723297852041,0.8443722382407528,0.4011583989474654,0.5962828754890447,0.854375
331 days,0.013302026074710887,0.11533440976010102,0.08729574255369466,0.8235555821127559,0.3927556127341467,0.5839509373931292,0.87
332 days,0.013668683496956671,0.11691314509907204,0.08925108847789837,0.8235552562150193,0.3975316282066444,0.5901056293484677,0.856875
333 days,0.013095919697223173,0.11443740514894234,0.08768883036413393,0.8107198436582306,0.3975316282066444,0.5822478982579107,0.85875
334 days,0.012716425369991681,0.11276712894275388,0.08634251001099791,0.791361525449092,0.3878803631472396,0.5710514298239572,0.865
335 days,0.013073180651433893,0.11433801052770637,0.08795512755442447,0.8676497518144756,0.3975316282066444,0.5922410967503489,0.8525
336 days,0.012983511876443993,0.11394521436393892,0.08731313903164477,0.8660122309082956,0.39373538960756116,0.59004009358764,0.8525
337 days,0.013110471476131792,0.11450096714059577,0.08809662694097145,0.8649625753029511,0.3878803631472396,0.5910004461231781,0.85
338 days,0.013401783235646362,0.11576607117651684,0.08924482381341843,0.871529359757052,0.39373538960756116,0.5945383511097218,0.84
339 days,0.013322489104776323,0.11542308739925615,0.08852077791698505,0.8676217580586156,0.39373538960756116,0.5918337421220788,0.84
340 days,0.013331267070107289,0.11546110630903936,0.0885825238939045,0.8700963168595799,0.3975316282066444,0.5933022510217358,0.84
341 days,0.01348933126048462,0.11614358036708107,0.0893906725809595,0.861173115301697,0.40122794122703564,0.5969414876582754,0.8418181818181819
342 days,0.013785136881031928,0.11741012256629293,0.0903832045828727,0.9548148382809564,0.3988045372211622,0.6026042833405437,0.8354545454545454
343 days,0.013762550258026928,0.11731389626990883,0.09051748831245245,0.9233598201245259,0.40006137349527937,0.6022373846987974,0.8390909090909091
344 days,0.014132197821365577,0.11887892084539453,0.0922548843097481,1.0187646470735168,0.4076534482468832,0.62573475096428,0.8325
345 days,0.01484205592679123,0.12182797678198234,0.09404285779055088,1.117437859049821,0.4371335929281455,0.6558861375327623,0.82875
346 days,0.01547767864072579,0.12440931894647518,0.09556785351481127,1.1178957713739242,0.47196018700801046,0.6755362195664858,0.82375
347 days,0.015512885908162966,0.12455073628109536,0.09608890118862913,1.126595992163403,0.4859096800141336,0.6950334521803696,0.825
348 days,0.015517130380874272,0.12456777424709117,0.09643936861292218,1.1410818586684721,0.5192654403273653,0.7254229544096193,0.825
349 days,0.01596841088038685,0.1263661777549153,0.09781464392112986,1.1540011327206228,0.5481040087477698,0.7570154956633505,0.815
350 days,0.015496823527962899,0.12448623830754506,0.09633742276198881,1.1492859949423977,0.5481040087477698,0.7620968716704849,0.81875
351 days,0.015524718309159524,0.12459822755223898,0.09642753110818657,1.1741153989481097,0.5485401746139065,0.7823924335886449,0.815
352 days,0.015157183239161374,0.1231145127073221,0.09477143232032616,1.120054142271947,0.5485401746139065,0.7844902856848432,0.81875
353 days,0.014043369272733712,0.1185047225756582,0.09121401598186146,1.087735572638155,0.5467146015651245,0.7643482541401144,0.83125
354 days,0.01366907895441785,0.11691483633148468,0.0905407399598174,1.1095078353682017,0.5467146015651245,0.7593521740252442,0.83875
355 days,0.013913542242139691,0.11795567914322604,0.09150545952223965,1.1012073763480301,0.5398399557824407,0.7441384079827771,0.835
356 days,0.013927787413060277,0.11801604726926028,0.09127036722391392,1.080424653008553,0.5005064110664472,0.6959824548481478,0.825
357 days,0.014486803101267615,0.12036113617471221,0.09340939831652212,1.04366091864486,0.4838090605632705,0.6725921516024781,0.82
358 days,0.01541164461100145,0.12414364506893395,0.09705185280615498,1.0590878182473171,0.4778227910485584,0.6661028017584624,0.805
359 days,0.015379996243927569,0.12401611283993531,0.09610479386534687,1.0303931746544175,0.40122794122703564,0.6414755011150048,0.8
360 days,0.014506443861248289,0.12044269949336193,0.0927033235433315,1.0143112961739207,0.3739362779985864,0.6206591970583729,0.80875
361 days,0.01483242421541475,0.12178844040143855,0.09276385617015763,1.059011912325767,0.3636358452660724,0.6264457503884525,0.804375
362 days,0.014726152423261179,0.1213513593795355,0.09190802631231756,1.0454518667076775,0.35518361535325316,0.6210837914226325,0.80375
363 days,0.01468179714598346,0.12116846597189988,0.09272343784981806,1.0452470430092673,0.3638795086420218,0.6243449269987306,0.804375
364 days,0.014761284718074204,0.12149602758145718,0.09308787528503448,1.0414984382742463,0.35518361535325316,0.6220807600396432,0.805
365 days,0.014182913007156682,0.11909203586788111,0.09094612414991969,1.0117195797882923,0.33248302121869755,0.6082864596393069,0.81625
