,ds,y
0,1850-01-01,-0.36
1,1850-02-01,-0.12
2,1850-03-01,-0.23
3,1850-04-01,-0.19
4,1850-05-01,-0.19
5,1850-06-01,-0.1
6,1850-07-01,-0.09
7,1850-08-01,-0.11
8,1850-09-01,-0.18
9,1850-10-01,-0.11
10,1850-11-01,-0.14
11,1850-12-01,-0.06
12,1851-01-01,-0.11
13,1851-02-01,-0.06
14,1851-03-01,-0.23
15,1851-04-01,-0.16
16,1851-05-01,-0.08
17,1851-06-01,-0.14
18,1851-07-01,-0.04
19,1851-08-01,-0.01
20,1851-09-01,0.02
21,1851-10-01,-0.03
22,1851-11-01,-0.04
23,1851-12-01,-0.02
24,1852-01-01,-0.14
25,1852-02-01,-0.07
26,1852-03-01,-0.25
27,1852-04-01,-0.36
28,1852-05-01,0.01
29,1852-06-01,-0.06
30,1852-07-01,-0.04
31,1852-08-01,0.07
32,1852-09-01,-0.01
33,1852-10-01,-0.06
34,1852-11-01,-0.05
35,1852-12-01,-0.08
36,1853-01-01,-0.1
37,1853-02-01,-0.14
38,1853-03-01,-0.14
39,1853-04-01,-0.17
40,1853-05-01,-0.11
41,1853-06-01,-0.06
42,1853-07-01,-0.01
43,1853-08-01,-0.01
44,1853-09-01,-0.11
45,1853-10-01,-0.15
46,1853-11-01,-0.13
47,1853-12-01,-0.21
48,1854-01-01,-0.23
49,1854-02-01,-0.17
50,1854-03-01,-0.04
51,1854-04-01,-0.2
52,1854-05-01,-0.07
53,1854-06-01,-0.06
54,1854-07-01,-0.11
55,1854-08-01,-0.13
56,1854-09-01,-0.05
57,1854-10-01,-0.01
58,1854-11-01,-0.12
59,1854-12-01,0.03
60,1855-01-01,0.01
61,1855-02-01,-0.1
62,1855-03-01,-0.14
63,1855-04-01,-0.08
64,1855-05-01,-0.12
65,1855-06-01,-0.2
66,1855-07-01,-0.12
67,1855-08-01,-0.14
68,1855-09-01,-0.18
69,1855-10-01,-0.03
70,1855-11-01,0.04
71,1855-12-01,-0.2
72,1856-01-01,-0.08
73,1856-02-01,-0.07
74,1856-03-01,-0.27
75,1856-04-01,-0.16
76,1856-05-01,-0.11
77,1856-06-01,-0.14
78,1856-07-01,-0.33
79,1856-08-01,-0.3
80,1856-09-01,-0.18
81,1856-10-01,-0.44
82,1856-11-01,-0.47
83,1856-12-01,-0.36
84,1857-01-01,-0.28
85,1857-02-01,-0.33
86,1857-03-01,-0.31
87,1857-04-01,-0.36
88,1857-05-01,-0.33
89,1857-06-01,-0.29
90,1857-07-01,-0.22
91,1857-08-01,-0.17
92,1857-09-01,-0.19
93,1857-10-01,-0.24
94,1857-11-01,-0.27
95,1857-12-01,-0.15
96,1858-01-01,-0.15
97,1858-02-01,-0.3
98,1858-03-01,-0.18
99,1858-04-01,-0.19
100,1858-05-01,-0.2
101,1858-06-01,-0.18
102,1858-07-01,-0.19
103,1858-08-01,-0.21
104,1858-09-01,-0.19
105,1858-10-01,-0.2
106,1858-11-01,-0.18
107,1858-12-01,-0.18
108,1859-01-01,-0.1
109,1859-02-01,0.02
110,1859-03-01,-0.03
111,1859-04-01,-0.07
112,1859-05-01,-0.08
113,1859-06-01,-0.1
114,1859-07-01,-0.09
115,1859-08-01,-0.13
116,1859-09-01,-0.11
117,1859-10-01,-0.11
118,1859-11-01,-0.06
119,1859-12-01,-0.03
120,1860-01-01,-0.12
121,1860-02-01,-0.1
122,1860-03-01,-0.18
123,1860-04-01,-0.17
124,1860-05-01,-0.14
125,1860-06-01,-0.18
126,1860-07-01,-0.25
127,1860-08-01,-0.24
128,1860-09-01,-0.21
129,1860-10-01,-0.22
130,1860-11-01,-0.32
131,1860-12-01,-0.47
132,1861-01-01,-0.46
133,1861-02-01,-0.31
134,1861-03-01,-0.26
135,1861-04-01,-0.28
136,1861-05-01,-0.23
137,1861-06-01,-0.27
138,1861-07-01,-0.17
139,1861-08-01,-0.1
140,1861-09-01,-0.09
141,1861-10-01,-0.23
142,1861-11-01,-0.25
143,1861-12-01,-0.24
144,1862-01-01,-0.4
145,1862-02-01,-0.35
146,1862-03-01,-0.27
147,1862-04-01,-0.28
148,1862-05-01,-0.34
149,1862-06-01,-0.32
150,1862-07-01,-0.29
151,1862-08-01,-0.3
152,1862-09-01,-0.23
153,1862-10-01,-0.27
154,1862-11-01,-0.19
155,1862-12-01,-0.28
156,1863-01-01,-0.05
157,1863-02-01,-0.08
158,1863-03-01,-0.12
159,1863-04-01,-0.15
160,1863-05-01,-0.12
161,1863-06-01,-0.24
162,1863-07-01,-0.23
163,1863-08-01,-0.14
164,1863-09-01,-0.2
165,1863-10-01,-0.22
166,1863-11-01,-0.18
167,1863-12-01,-0.08
168,1864-01-01,-0.35
169,1864-02-01,-0.2
170,1864-03-01,-0.18
171,1864-04-01,-0.2
172,1864-05-01,-0.13
173,1864-06-01,-0.09
174,1864-07-01,-0.15
175,1864-08-01,-0.17
176,1864-09-01,-0.24
177,1864-10-01,-0.27
178,1864-11-01,-0.19
179,1864-12-01,-0.11
180,1865-01-01,-0.05
181,1865-02-01,-0.25
182,1865-03-01,-0.18
183,1865-04-01,-0.16
184,1865-05-01,-0.17
185,1865-06-01,-0.13
186,1865-07-01,-0.07
187,1865-08-01,-0.09
188,1865-09-01,-0.09
189,1865-10-01,-0.15
190,1865-11-01,-0.1
191,1865-12-01,-0.11
192,1866-01-01,0.09
193,1866-02-01,-0.06
194,1866-03-01,-0.07
195,1866-04-01,-0.17
196,1866-05-01,-0.18
197,1866-06-01,-0.1
198,1866-07-01,-0.06
199,1866-08-01,-0.18
200,1866-09-01,-0.2
201,1866-10-01,-0.19
202,1866-11-01,-0.06
203,1866-12-01,-0.1
204,1867-01-01,-0.22
205,1867-02-01,-0.09
206,1867-03-01,-0.21
207,1867-04-01,-0.19
208,1867-05-01,-0.27
209,1867-06-01,-0.19
210,1867-07-01,-0.22
211,1867-08-01,-0.12
212,1867-09-01,-0.04
213,1867-10-01,-0.13
214,1867-11-01,-0.16
215,1867-12-01,-0.34
216,1868-01-01,-0.42
217,1868-02-01,-0.23
218,1868-03-01,-0.09
219,1868-04-01,-0.1
220,1868-05-01,-0.1
221,1868-06-01,-0.04
222,1868-07-01,-0.11
223,1868-08-01,-0.11
224,1868-09-01,-0.18
225,1868-10-01,-0.14
226,1868-11-01,-0.14
227,1868-12-01,-0.09
228,1869-01-01,-0.15
229,1869-02-01,0.02
230,1869-03-01,-0.15
231,1869-04-01,-0.11
232,1869-05-01,-0.11
233,1869-06-01,-0.09
234,1869-07-01,-0.15
235,1869-08-01,-0.19
236,1869-09-01,-0.17
237,1869-10-01,-0.24
238,1869-11-01,-0.01
239,1869-12-01,-0.07
240,1870-01-01,-0.05
241,1870-02-01,-0.16
242,1870-03-01,-0.05
243,1870-04-01,-0.12
244,1870-05-01,-0.12
245,1870-06-01,-0.16
246,1870-07-01,-0.11
247,1870-08-01,-0.16
248,1870-09-01,-0.2
249,1870-10-01,-0.31
250,1870-11-01,-0.23
251,1870-12-01,-0.37
252,1871-01-01,-0.28
253,1871-02-01,-0.31
254,1871-03-01,-0.01
255,1871-04-01,-0.01
256,1871-05-01,-0.13
257,1871-06-01,-0.13
258,1871-07-01,-0.09
259,1871-08-01,-0.16
260,1871-09-01,-0.23
261,1871-10-01,-0.25
262,1871-11-01,-0.23
263,1871-12-01,-0.24
264,1872-01-01,-0.19
265,1872-02-01,-0.19
266,1872-03-01,-0.21
267,1872-04-01,-0.2
268,1872-05-01,-0.17
269,1872-06-01,-0.17
270,1872-07-01,-0.13
271,1872-08-01,-0.1
272,1872-09-01,-0.19
273,1872-10-01,-0.14
274,1872-11-01,-0.17
275,1872-12-01,-0.29
276,1873-01-01,-0.11
277,1873-02-01,-0.18
278,1873-03-01,-0.27
279,1873-04-01,-0.44
280,1873-05-01,-0.3
281,1873-06-01,-0.14
282,1873-07-01,-0.13
283,1873-08-01,-0.09
284,1873-09-01,-0.2
285,1873-10-01,-0.17
286,1873-11-01,-0.19
287,1873-12-01,-0.13
288,1874-01-01,-0.06
289,1874-02-01,-0.18
290,1874-03-01,-0.29
291,1874-04-01,-0.3
292,1874-05-01,-0.3
293,1874-06-01,-0.26
294,1874-07-01,-0.15
295,1874-08-01,-0.14
296,1874-09-01,-0.16
297,1874-10-01,-0.2
298,1874-11-01,-0.26
299,1874-12-01,-0.27
300,1875-01-01,-0.4
301,1875-02-01,-0.21
302,1875-03-01,-0.21
303,1875-04-01,-0.22
304,1875-05-01,-0.1
305,1875-06-01,-0.08
306,1875-07-01,-0.11
307,1875-08-01,-0.09
308,1875-09-01,-0.17
309,1875-10-01,-0.15
310,1875-11-01,-0.35
311,1875-12-01,-0.31
312,1876-01-01,-0.26
313,1876-02-01,-0.24
314,1876-03-01,-0.16
315,1876-04-01,-0.28
316,1876-05-01,-0.35
317,1876-06-01,-0.19
318,1876-07-01,-0.16
319,1876-08-01,-0.15
320,1876-09-01,-0.19
321,1876-10-01,-0.16
322,1876-11-01,-0.26
323,1876-12-01,-0.23
324,1877-01-01,-0.16
325,1877-02-01,-0.02
326,1877-03-01,0.03
327,1877-04-01,-0.1
328,1877-05-01,-0.05
329,1877-06-01,0.06
330,1877-07-01,0.12
331,1877-08-01,0.11
332,1877-09-01,0.13
333,1877-10-01,0.11
334,1877-11-01,0.19
335,1877-12-01,0.1
336,1878-01-01,0.1
337,1878-02-01,0.23
338,1878-03-01,0.25
339,1878-04-01,0.06
340,1878-05-01,0.04
341,1878-06-01,0.1
342,1878-07-01,0.05
343,1878-08-01,0.03
344,1878-09-01,0.02
345,1878-10-01,-0.05
346,1878-11-01,-0.09
347,1878-12-01,-0.08
348,1879-01-01,-0.07
349,1879-02-01,-0.04
350,1879-03-01,-0.04
351,1879-04-01,-0.06
352,1879-05-01,-0.05
353,1879-06-01,-0.12
354,1879-07-01,-0.08
355,1879-08-01,-0.18
356,1879-09-01,-0.14
357,1879-10-01,-0.08
358,1879-11-01,-0.24
359,1879-12-01,-0.31
360,1880-01-01,-0.16
361,1880-02-01,-0.18
362,1880-03-01,-0.11
363,1880-04-01,-0.15
364,1880-05-01,-0.07
365,1880-06-01,-0.2
366,1880-07-01,-0.23
367,1880-08-01,-0.14
368,1880-09-01,-0.17
369,1880-10-01,-0.31
370,1880-11-01,-0.18
371,1880-12-01,-0.17
372,1881-01-01,-0.16
373,1881-02-01,-0.17
374,1881-03-01,-0.08
375,1881-04-01,-0.02
376,1881-05-01,0.1
377,1881-06-01,-0.19
378,1881-07-01,-0.09
379,1881-08-01,-0.05
380,1881-09-01,-0.17
381,1881-10-01,-0.25
382,1881-11-01,-0.26
383,1881-12-01,-0.08
384,1882-01-01,0.15
385,1882-02-01,0.05
386,1882-03-01,-0.02
387,1882-04-01,-0.19
388,1882-05-01,-0.2
389,1882-06-01,-0.22
390,1882-07-01,-0.18
391,1882-08-01,-0.08
392,1882-09-01,-0.11
393,1882-10-01,-0.29
394,1882-11-01,-0.23
395,1882-12-01,-0.25
396,1883-01-01,-0.33
397,1883-02-01,-0.35
398,1883-03-01,-0.18
399,1883-04-01,-0.18
400,1883-05-01,-0.16
401,1883-06-01,-0.16
402,1883-07-01,-0.12
403,1883-08-01,-0.16
404,1883-09-01,-0.29
405,1883-10-01,-0.24
406,1883-11-01,-0.28
407,1883-12-01,-0.23
408,1884-01-01,-0.17
409,1884-02-01,-0.21
410,1884-03-01,-0.3
411,1884-04-01,-0.36
412,1884-05-01,-0.32
413,1884-06-01,-0.32
414,1884-07-01,-0.36
415,1884-08-01,-0.32
416,1884-09-01,-0.31
417,1884-10-01,-0.3
418,1884-11-01,-0.41
419,1884-12-01,-0.33
420,1885-01-01,-0.57
421,1885-02-01,-0.36
422,1885-03-01,-0.27
423,1885-04-01,-0.36
424,1885-05-01,-0.4
425,1885-06-01,-0.36
426,1885-07-01,-0.37
427,1885-08-01,-0.31
428,1885-09-01,-0.27
429,1885-10-01,-0.27
430,1885-11-01,-0.24
431,1885-12-01,-0.09
432,1886-01-01,-0.29
433,1886-02-01,-0.31
434,1886-03-01,-0.27
435,1886-04-01,-0.2
436,1886-05-01,-0.21
437,1886-06-01,-0.27
438,1886-07-01,-0.21
439,1886-08-01,-0.29
440,1886-09-01,-0.27
441,1886-10-01,-0.21
442,1886-11-01,-0.24
443,1886-12-01,-0.27
444,1887-01-01,-0.53
445,1887-02-01,-0.42
446,1887-03-01,-0.26
447,1887-04-01,-0.28
448,1887-05-01,-0.27
449,1887-06-01,-0.24
450,1887-07-01,-0.28
451,1887-08-01,-0.34
452,1887-09-01,-0.19
453,1887-10-01,-0.34
454,1887-11-01,-0.26
455,1887-12-01,-0.26
456,1888-01-01,-0.3
457,1888-02-01,-0.32
458,1888-03-01,-0.33
459,1888-04-01,-0.19
460,1888-05-01,-0.15
461,1888-06-01,-0.11
462,1888-07-01,-0.12
463,1888-08-01,-0.18
464,1888-09-01,-0.14
465,1888-10-01,-0.05
466,1888-11-01,-0.07
467,1888-12-01,-0.05
468,1889-01-01,-0.04
469,1889-02-01,0.1
470,1889-03-01,0.05
471,1889-04-01,0.04
472,1889-05-01,0.02
473,1889-06-01,-0.03
474,1889-07-01,-0.06
475,1889-08-01,-0.12
476,1889-09-01,-0.18
477,1889-10-01,-0.24
478,1889-11-01,-0.28
479,1889-12-01,-0.2
480,1890-01-01,-0.36
481,1890-02-01,-0.27
482,1890-03-01,-0.23
483,1890-04-01,-0.21
484,1890-05-01,-0.25
485,1890-06-01,-0.2
486,1890-07-01,-0.24
487,1890-08-01,-0.33
488,1890-09-01,-0.27
489,1890-10-01,-0.3
490,1890-11-01,-0.44
491,1890-12-01,-0.23
492,1891-01-01,-0.27
493,1891-02-01,-0.34
494,1891-03-01,-0.21
495,1891-04-01,-0.21
496,1891-05-01,-0.1
497,1891-06-01,-0.13
498,1891-07-01,-0.12
499,1891-08-01,-0.14
500,1891-09-01,-0.1
501,1891-10-01,-0.22
502,1891-11-01,-0.31
503,1891-12-01,-0.06
504,1892-01-01,-0.21
505,1892-02-01,-0.14
506,1892-03-01,-0.26
507,1892-04-01,-0.22
508,1892-05-01,-0.17
509,1892-06-01,-0.19
510,1892-07-01,-0.3
511,1892-08-01,-0.26
512,1892-09-01,-0.16
513,1892-10-01,-0.23
514,1892-11-01,-0.37
515,1892-12-01,-0.48
516,1893-01-01,-0.67
517,1893-02-01,-0.58
518,1893-03-01,-0.28
519,1893-04-01,-0.24
520,1893-05-01,-0.31
521,1893-06-01,-0.2
522,1893-07-01,-0.21
523,1893-08-01,-0.28
524,1893-09-01,-0.28
525,1893-10-01,-0.26
526,1893-11-01,-0.24
527,1893-12-01,-0.28
528,1894-01-01,-0.36
529,1894-02-01,-0.16
530,1894-03-01,-0.16
531,1894-04-01,-0.31
532,1894-05-01,-0.21
533,1894-06-01,-0.29
534,1894-07-01,-0.2
535,1894-08-01,-0.21
536,1894-09-01,-0.24
537,1894-10-01,-0.28
538,1894-11-01,-0.26
539,1894-12-01,-0.19
540,1895-01-01,-0.35
541,1895-02-01,-0.37
542,1895-03-01,-0.32
543,1895-04-01,-0.2
544,1895-05-01,-0.18
545,1895-06-01,-0.18
546,1895-07-01,-0.15
547,1895-08-01,-0.15
548,1895-09-01,-0.1
549,1895-10-01,-0.12
550,1895-11-01,-0.15
551,1895-12-01,-0.08
552,1896-01-01,-0.15
553,1896-02-01,-0.04
554,1896-03-01,-0.16
555,1896-04-01,-0.13
556,1896-05-01,-0.05
557,1896-06-01,-0.07
558,1896-07-01,-0.01
559,1896-08-01,-0.03
560,1896-09-01,-0.02
561,1896-10-01,0.03
562,1896-11-01,-0.07
563,1896-12-01,0.01
564,1897-01-01,-0.07
565,1897-02-01,-0.1
566,1897-03-01,-0.14
567,1897-04-01,0.08
568,1897-05-01,0.1
569,1897-06-01,-0.11
570,1897-07-01,-0.05
571,1897-08-01,-0.04
572,1897-09-01,-0.04
573,1897-10-01,-0.1
574,1897-11-01,-0.19
575,1897-12-01,-0.2
576,1898-01-01,-0.01
577,1898-02-01,-0.22
578,1898-03-01,-0.47
579,1898-04-01,-0.26
580,1898-05-01,-0.21
581,1898-06-01,-0.15
582,1898-07-01,-0.18
583,1898-08-01,-0.21
584,1898-09-01,-0.23
585,1898-10-01,-0.36
586,1898-11-01,-0.33
587,1898-12-01,-0.16
588,1899-01-01,-0.23
589,1899-02-01,-0.3
590,1899-03-01,-0.3
591,1899-04-01,-0.22
592,1899-05-01,-0.19
593,1899-06-01,-0.23
594,1899-07-01,-0.11
595,1899-08-01,-0.03
596,1899-09-01,-0.02
597,1899-10-01,-0.08
598,1899-11-01,-0.1
599,1899-12-01,-0.27
600,1900-01-01,-0.3
601,1900-02-01,-0.17
602,1900-03-01,-0.03
603,1900-04-01,-0.04
604,1900-05-01,-0.06
605,1900-06-01,-0.08
606,1900-07-01,-0.11
607,1900-08-01,-0.07
608,1900-09-01,-0.05
609,1900-10-01,0.05
610,1900-11-01,-0.08
611,1900-12-01,-0.06
612,1901-01-01,-0.12
613,1901-02-01,-0.08
614,1901-03-01,0.03
615,1901-04-01,-0.1
616,1901-05-01,-0.09
617,1901-06-01,-0.08
618,1901-07-01,-0.09
619,1901-08-01,-0.14
620,1901-09-01,-0.18
621,1901-10-01,-0.28
622,1901-11-01,-0.22
623,1901-12-01,-0.38
624,1902-01-01,-0.17
625,1902-02-01,-0.04
626,1902-03-01,-0.27
627,1902-04-01,-0.28
628,1902-05-01,-0.27
629,1902-06-01,-0.26
630,1902-07-01,-0.24
631,1902-08-01,-0.23
632,1902-09-01,-0.22
633,1902-10-01,-0.28
634,1902-11-01,-0.32
635,1902-12-01,-0.27
636,1903-01-01,-0.15
637,1903-02-01,-0.03
638,1903-03-01,-0.17
639,1903-04-01,-0.3
640,1903-05-01,-0.33
641,1903-06-01,-0.3
642,1903-07-01,-0.32
643,1903-08-01,-0.4
644,1903-09-01,-0.42
645,1903-10-01,-0.48
646,1903-11-01,-0.47
647,1903-12-01,-0.46
648,1904-01-01,-0.49
649,1904-02-01,-0.54
650,1904-03-01,-0.54
651,1904-04-01,-0.47
652,1904-05-01,-0.46
653,1904-06-01,-0.4
654,1904-07-01,-0.45
655,1904-08-01,-0.42
656,1904-09-01,-0.49
657,1904-10-01,-0.35
658,1904-11-01,-0.26
659,1904-12-01,-0.34
660,1905-01-01,-0.27
661,1905-02-01,-0.45
662,1905-03-01,-0.36
663,1905-04-01,-0.42
664,1905-05-01,-0.24
665,1905-06-01,-0.2
666,1905-07-01,-0.18
667,1905-08-01,-0.22
668,1905-09-01,-0.21
669,1905-10-01,-0.23
670,1905-11-01,-0.09
671,1905-12-01,-0.09
672,1906-01-01,-0.21
673,1906-02-01,-0.21
674,1906-03-01,-0.2
675,1906-04-01,-0.1
676,1906-05-01,-0.21
677,1906-06-01,-0.16
678,1906-07-01,-0.21
679,1906-08-01,-0.21
680,1906-09-01,-0.26
681,1906-10-01,-0.21
682,1906-11-01,-0.35
683,1906-12-01,-0.19
684,1907-01-01,-0.36
685,1907-02-01,-0.4
686,1907-03-01,-0.25
687,1907-04-01,-0.3
688,1907-05-01,-0.39
689,1907-06-01,-0.32
690,1907-07-01,-0.34
691,1907-08-01,-0.3
692,1907-09-01,-0.32
693,1907-10-01,-0.26
694,1907-11-01,-0.38
695,1907-12-01,-0.42
696,1908-01-01,-0.37
697,1908-02-01,-0.32
698,1908-03-01,-0.51
699,1908-04-01,-0.41
700,1908-05-01,-0.34
701,1908-06-01,-0.31
702,1908-07-01,-0.35
703,1908-08-01,-0.42
704,1908-09-01,-0.36
705,1908-10-01,-0.44
706,1908-11-01,-0.54
707,1908-12-01,-0.44
708,1909-01-01,-0.5
709,1909-02-01,-0.38
710,1909-03-01,-0.52
711,1909-04-01,-0.59
712,1909-05-01,-0.48
713,1909-06-01,-0.46
714,1909-07-01,-0.4
715,1909-08-01,-0.33
716,1909-09-01,-0.36
717,1909-10-01,-0.39
718,1909-11-01,-0.38
719,1909-12-01,-0.42
720,1910-01-01,-0.3
721,1910-02-01,-0.35
722,1910-03-01,-0.52
723,1910-04-01,-0.37
724,1910-05-01,-0.31
725,1910-06-01,-0.32
726,1910-07-01,-0.3
727,1910-08-01,-0.36
728,1910-09-01,-0.38
729,1910-10-01,-0.44
730,1910-11-01,-0.51
731,1910-12-01,-0.61
732,1911-01-01,-0.55
733,1911-02-01,-0.55
734,1911-03-01,-0.59
735,1911-04-01,-0.51
736,1911-05-01,-0.46
737,1911-06-01,-0.45
738,1911-07-01,-0.41
739,1911-08-01,-0.44
740,1911-09-01,-0.39
741,1911-10-01,-0.32
742,1911-11-01,-0.17
743,1911-12-01,-0.13
744,1912-01-01,-0.24
745,1912-02-01,-0.18
746,1912-03-01,-0.32
747,1912-04-01,-0.2
748,1912-05-01,-0.18
749,1912-06-01,-0.18
750,1912-07-01,-0.38
751,1912-08-01,-0.43
752,1912-09-01,-0.52
753,1912-10-01,-0.54
754,1912-11-01,-0.38
755,1912-12-01,-0.45
756,1913-01-01,-0.34
757,1913-02-01,-0.41
758,1913-03-01,-0.39
759,1913-04-01,-0.35
760,1913-05-01,-0.4
761,1913-06-01,-0.4
762,1913-07-01,-0.33
763,1913-08-01,-0.31
764,1913-09-01,-0.34
765,1913-10-01,-0.33
766,1913-11-01,-0.25
767,1913-12-01,-0.07
768,1914-01-01,0.05
769,1914-02-01,-0.06
770,1914-03-01,-0.18
771,1914-04-01,-0.29
772,1914-05-01,-0.2
773,1914-06-01,-0.22
774,1914-07-01,-0.24
775,1914-08-01,-0.18
776,1914-09-01,-0.18
777,1914-10-01,-0.11
778,1914-11-01,-0.12
779,1914-12-01,0.1
780,1915-01-01,-0.17
781,1915-02-01,-0.01
782,1915-03-01,-0.05
783,1915-04-01,0.08
784,1915-05-01,0.1
785,1915-06-01,-0.11
786,1915-07-01,-0.06
787,1915-08-01,-0.11
788,1915-09-01,-0.19
789,1915-10-01,-0.21
790,1915-11-01,-0.13
791,1915-12-01,-0.24
792,1916-01-01,-0.2
793,1916-02-01,-0.16
794,1916-03-01,-0.26
795,1916-04-01,-0.24
796,1916-05-01,-0.26
797,1916-06-01,-0.36
798,1916-07-01,-0.31
799,1916-08-01,-0.27
800,1916-09-01,-0.28
801,1916-10-01,-0.3
802,1916-11-01,-0.4
803,1916-12-01,-0.7
804,1917-01-01,-0.6
805,1917-02-01,-0.64
806,1917-03-01,-0.64
807,1917-04-01,-0.51
808,1917-05-01,-0.53
809,1917-06-01,-0.41
810,1917-07-01,-0.26
811,1917-08-01,-0.22
812,1917-09-01,-0.21
813,1917-10-01,-0.38
814,1917-11-01,-0.33
815,1917-12-01,-0.48
816,1918-01-01,-0.44
817,1918-02-01,-0.39
818,1918-03-01,-0.28
819,1918-04-01,-0.41
820,1918-05-01,-0.4
821,1918-06-01,-0.34
822,1918-07-01,-0.28
823,1918-08-01,-0.29
824,1918-09-01,-0.16
825,1918-10-01,-0.1
826,1918-11-01,-0.08
827,1918-12-01,-0.26
828,1919-01-01,-0.15
829,1919-02-01,-0.19
830,1919-03-01,-0.19
831,1919-04-01,-0.08
832,1919-05-01,-0.22
833,1919-06-01,-0.3
834,1919-07-01,-0.27
835,1919-08-01,-0.32
836,1919-09-01,-0.24
837,1919-10-01,-0.2
838,1919-11-01,-0.35
839,1919-12-01,-0.38
840,1920-01-01,-0.26
841,1920-02-01,-0.29
842,1920-03-01,-0.11
843,1920-04-01,-0.23
844,1920-05-01,-0.25
845,1920-06-01,-0.28
846,1920-07-01,-0.27
847,1920-08-01,-0.23
848,1920-09-01,-0.18
849,1920-10-01,-0.25
850,1920-11-01,-0.24
851,1920-12-01,-0.43
852,1921-01-01,-0.09
853,1921-02-01,-0.19
854,1921-03-01,-0.23
855,1921-04-01,-0.26
856,1921-05-01,-0.21
857,1921-06-01,-0.23
858,1921-07-01,-0.13
859,1921-08-01,-0.19
860,1921-09-01,-0.18
861,1921-10-01,-0.08
862,1921-11-01,-0.15
863,1921-12-01,-0.15
864,1922-01-01,-0.29
865,1922-02-01,-0.39
866,1922-03-01,-0.11
867,1922-04-01,-0.2
868,1922-05-01,-0.27
869,1922-06-01,-0.24
870,1922-07-01,-0.26
871,1922-08-01,-0.27
872,1922-09-01,-0.3
873,1922-10-01,-0.29
874,1922-11-01,-0.16
875,1922-12-01,-0.2
876,1923-01-01,-0.25
877,1923-02-01,-0.39
878,1923-03-01,-0.33
879,1923-04-01,-0.35
880,1923-05-01,-0.27
881,1923-06-01,-0.21
882,1923-07-01,-0.29
883,1923-08-01,-0.32
884,1923-09-01,-0.26
885,1923-10-01,-0.19
886,1923-11-01,-0.05
887,1923-12-01,-0.1
888,1924-01-01,-0.18
889,1924-02-01,-0.18
890,1924-03-01,-0.07
891,1924-04-01,-0.22
892,1924-05-01,-0.1
893,1924-06-01,-0.22
894,1924-07-01,-0.21
895,1924-08-01,-0.3
896,1924-09-01,-0.29
897,1924-10-01,-0.32
898,1924-11-01,-0.21
899,1924-12-01,-0.37
900,1925-01-01,-0.36
901,1925-02-01,-0.4
902,1925-03-01,-0.26
903,1925-04-01,-0.24
904,1925-05-01,-0.24
905,1925-06-01,-0.28
906,1925-07-01,-0.24
907,1925-08-01,-0.16
908,1925-09-01,-0.13
909,1925-10-01,-0.17
910,1925-11-01,0.02
911,1925-12-01,0.08
912,1926-01-01,0.12
913,1926-02-01,-0.1
914,1926-03-01,0.09
915,1926-04-01,-0.11
916,1926-05-01,-0.16
917,1926-06-01,-0.16
918,1926-07-01,-0.22
919,1926-08-01,-0.12
920,1926-09-01,-0.14
921,1926-10-01,-0.08
922,1926-11-01,-0.06
923,1926-12-01,-0.21
924,1927-01-01,-0.28
925,1927-02-01,-0.19
926,1927-03-01,-0.33
927,1927-04-01,-0.26
928,1927-05-01,-0.2
929,1927-06-01,-0.19
930,1927-07-01,-0.16
931,1927-08-01,-0.14
932,1927-09-01,-0.08
933,1927-10-01,-0.02
934,1927-11-01,-0.05
935,1927-12-01,-0.25
936,1928-01-01,-0.05
937,1928-02-01,-0.1
938,1928-03-01,-0.23
939,1928-04-01,-0.24
940,1928-05-01,-0.17
941,1928-06-01,-0.28
942,1928-07-01,-0.16
943,1928-08-01,-0.19
944,1928-09-01,-0.15
945,1928-10-01,-0.18
946,1928-11-01,-0.11
947,1928-12-01,-0.14
948,1929-01-01,-0.42
949,1929-02-01,-0.49
950,1929-03-01,-0.31
951,1929-04-01,-0.36
952,1929-05-01,-0.31
953,1929-06-01,-0.34
954,1929-07-01,-0.29
955,1929-08-01,-0.23
956,1929-09-01,-0.22
957,1929-10-01,-0.14
958,1929-11-01,-0.12
959,1929-12-01,-0.45
960,1930-01-01,-0.29
961,1930-02-01,-0.26
962,1930-03-01,-0.08
963,1930-04-01,-0.18
964,1930-05-01,-0.16
965,1930-06-01,-0.12
966,1930-07-01,-0.12
967,1930-08-01,-0.1
968,1930-09-01,-0.1
969,1930-10-01,-0.04
970,1930-11-01,0.14
971,1930-12-01,-0.02
972,1931-01-01,-0.07
973,1931-02-01,-0.17
974,1931-03-01,-0.06
975,1931-04-01,-0.15
976,1931-05-01,-0.13
977,1931-06-01,-0.01
978,1931-07-01,0.1
979,1931-08-01,-0.01
980,1931-09-01,-0.1
981,1931-10-01,0.02
982,1931-11-01,-0.09
983,1931-12-01,-0.05
984,1932-01-01,0.1
985,1932-02-01,-0.13
986,1932-03-01,-0.14
987,1932-04-01,-0.04
988,1932-05-01,-0.14
989,1932-06-01,-0.17
990,1932-07-01,-0.15
991,1932-08-01,-0.15
992,1932-09-01,-0.1
993,1932-10-01,-0.1
994,1932-11-01,-0.23
995,1932-12-01,-0.23
996,1933-01-01,-0.26
997,1933-02-01,-0.31
998,1933-03-01,-0.26
999,1933-04-01,-0.21
1000,1933-05-01,-0.25
1001,1933-06-01,-0.28
1002,1933-07-01,-0.21
1003,1933-08-01,-0.19
1004,1933-09-01,-0.26
1005,1933-10-01,-0.19
1006,1933-11-01,-0.27
1007,1933-12-01,-0.34
1008,1934-01-01,-0.25
1009,1934-02-01,-0.03
1010,1934-03-01,-0.3
1011,1934-04-01,-0.28
1012,1934-05-01,-0.07
1013,1934-06-01,-0.08
1014,1934-07-01,-0.09
1015,1934-08-01,-0.09
1016,1934-09-01,-0.11
1017,1934-10-01,-0.02
1018,1934-11-01,0.08
1019,1934-12-01,-0.01
1020,1935-01-01,-0.3
1021,1935-02-01,0.11
1022,1935-03-01,-0.13
1023,1935-04-01,-0.3
1024,1935-05-01,-0.24
1025,1935-06-01,-0.2
1026,1935-07-01,-0.15
1027,1935-08-01,-0.14
1028,1935-09-01,-0.13
1029,1935-10-01,-0.03
1030,1935-11-01,-0.22
1031,1935-12-01,-0.11
1032,1936-01-01,-0.3
1033,1936-02-01,-0.35
1034,1936-03-01,-0.2
1035,1936-04-01,-0.13
1036,1936-05-01,-0.08
1037,1936-06-01,-0.1
1038,1936-07-01,-0.05
1039,1936-08-01,-0.07
1040,1936-09-01,-0.08
1041,1936-10-01,-0.05
1042,1936-11-01,0.01
1043,1936-12-01,-0.1
1044,1937-01-01,-0.09
1045,1937-02-01,0.01
1046,1937-03-01,-0.18
1047,1937-04-01,-0.11
1048,1937-05-01,-0.02
1049,1937-06-01,0.03
1050,1937-07-01,0.02
1051,1937-08-01,0.06
1052,1937-09-01,0.15
1053,1937-10-01,0.11
1054,1937-11-01,0.13
1055,1937-12-01,0.03
1056,1938-01-01,0.07
1057,1938-02-01,0.03
1058,1938-03-01,0.05
1059,1938-04-01,0.07
1060,1938-05-01,-0.03
1061,1938-06-01,-0.09
1062,1938-07-01,-0.06
1063,1938-08-01,-0.03
1064,1938-09-01,0.06
1065,1938-10-01,0.12
1066,1938-11-01,0.08
1067,1938-12-01,-0.07
1068,1939-01-01,-0.09
1069,1939-02-01,-0.1
1070,1939-03-01,-0.15
1071,1939-04-01,-0.03
1072,1939-05-01,-0.01
1073,1939-06-01,-0.01
1074,1939-07-01,-0.02
1075,1939-08-01,0.02
1076,1939-09-01,-0.01
1077,1939-10-01,-0.01
1078,1939-11-01,0.07
1079,1939-12-01,0.47
1080,1940-01-01,0.08
1081,1940-02-01,0.08
1082,1940-03-01,0.14
1083,1940-04-01,0.21
1084,1940-05-01,0.16
1085,1940-06-01,0.12
1086,1940-07-01,0.15
1087,1940-08-01,0.11
1088,1940-09-01,0.18
1089,1940-10-01,0.15
1090,1940-11-01,0.17
1091,1940-12-01,0.33
1092,1941-01-01,0.22
1093,1941-02-01,0.33
1094,1941-03-01,0.11
1095,1941-04-01,0.23
1096,1941-05-01,0.21
1097,1941-06-01,0.16
1098,1941-07-01,0.22
1099,1941-08-01,0.21
1100,1941-09-01,0.09
1101,1941-10-01,0.36
1102,1941-11-01,0.27
1103,1941-12-01,0.25
1104,1942-01-01,0.31
1105,1942-02-01,0.06
1106,1942-03-01,0.08
1107,1942-04-01,0.14
1108,1942-05-01,0.15
1109,1942-06-01,0.1
1110,1942-07-01,0.1
1111,1942-08-01,-0.01
1112,1942-09-01,0.1
1113,1942-10-01,0.04
1114,1942-11-01,0.08
1115,1942-12-01,0.12
1116,1943-01-01,-0.03
1117,1943-02-01,0.12
1118,1943-03-01,-0.02
1119,1943-04-01,0.13
1120,1943-05-01,0.13
1121,1943-06-01,-0.02
1122,1943-07-01,0.06
1123,1943-08-01,0.02
1124,1943-09-01,0.08
1125,1943-10-01,0.25
1126,1943-11-01,0.23
1127,1943-12-01,0.24
1128,1944-01-01,0.31
1129,1944-02-01,0.25
1130,1944-03-01,0.3
1131,1944-04-01,0.21
1132,1944-05-01,0.23
1133,1944-06-01,0.24
1134,1944-07-01,0.2
1135,1944-08-01,0.18
1136,1944-09-01,0.32
1137,1944-10-01,0.29
1138,1944-11-01,0.13
1139,1944-12-01,0.16
1140,1945-01-01,0.18
1141,1945-02-01,0.06
1142,1945-03-01,0.09
1143,1945-04-01,0.25
1144,1945-05-01,0.12
1145,1945-06-01,0.11
1146,1945-07-01,0.11
1147,1945-08-01,0.29
1148,1945-09-01,0.22
1149,1945-10-01,0.18
1150,1945-11-01,0.1
1151,1945-12-01,-0.03
1152,1946-01-01,0.17
1153,1946-02-01,0.01
1154,1946-03-01,0.02
1155,1946-04-01,0.07
1156,1946-05-01,-0.02
1157,1946-06-01,-0.17
1158,1946-07-01,-0.11
1159,1946-08-01,-0.12
1160,1946-09-01,-0.06
1161,1946-10-01,-0.03
1162,1946-11-01,-0.02
1163,1946-12-01,-0.21
1164,1947-01-01,-0.03
1165,1947-02-01,-0.04
1166,1947-03-01,0.05
1167,1947-04-01,0.06
1168,1947-05-01,0.03
1169,1947-06-01,0.04
1170,1947-07-01,-0.01
1171,1947-08-01,-0.09
1172,1947-09-01,-0.11
1173,1947-10-01,0.06
1174,1947-11-01,-0.1
1175,1947-12-01,-0.05
1176,1948-01-01,0.02
1177,1948-02-01,-0.08
1178,1948-03-01,-0.21
1179,1948-04-01,-0.04
1180,1948-05-01,0.05
1181,1948-06-01,-0.02
1182,1948-07-01,-0.04
1183,1948-08-01,-0.05
1184,1948-09-01,-0.1
1185,1948-10-01,-0.05
1186,1948-11-01,-0.07
1187,1948-12-01,-0.19
1188,1949-01-01,0.06
1189,1949-02-01,-0.15
1190,1949-03-01,0.04
1191,1949-04-01,-0.05
1192,1949-05-01,-0.04
1193,1949-06-01,-0.16
1194,1949-07-01,-0.09
1195,1949-08-01,-0.05
1196,1949-09-01,-0.1
1197,1949-10-01,-0.04
1198,1949-11-01,-0.03
1199,1949-12-01,-0.1
1200,1950-01-01,-0.2
1201,1950-02-01,-0.26
1202,1950-03-01,-0.08
1203,1950-04-01,-0.16
1204,1950-05-01,-0.02
1205,1950-06-01,-0.02
1206,1950-07-01,-0.09
1207,1950-08-01,-0.09
1208,1950-09-01,-0.06
1209,1950-10-01,-0.15
1210,1950-11-01,-0.26
1211,1950-12-01,-0.12
1212,1951-01-01,-0.31
1213,1951-02-01,-0.37
1214,1951-03-01,-0.16
1215,1951-04-01,-0.09
1216,1951-05-01,0.05
1217,1951-06-01,0.04
1218,1951-07-01,0.1
1219,1951-08-01,0.11
1220,1951-09-01,0.17
1221,1951-10-01,0.13
1222,1951-11-01,0.03
1223,1951-12-01,0.21
1224,1952-01-01,0.14
1225,1952-02-01,0.11
1226,1952-03-01,-0.03
1227,1952-04-01,0.07
1228,1952-05-01,0.08
1229,1952-06-01,0.05
1230,1952-07-01,0.07
1231,1952-08-01,0.06
1232,1952-09-01,0.09
1233,1952-10-01,0.01
1234,1952-11-01,-0.08
1235,1952-12-01,0.05
1236,1953-01-01,0.07
1237,1953-02-01,0.15
1238,1953-03-01,0.14
1239,1953-04-01,0.26
1240,1953-05-01,0.2
1241,1953-06-01,0.21
1242,1953-07-01,0.09
1243,1953-08-01,0.1
1244,1953-09-01,0.07
1245,1953-10-01,0.13
1246,1953-11-01,0.04
1247,1953-12-01,0.07
1248,1954-01-01,-0.2
1249,1954-02-01,-0.06
1250,1954-03-01,-0.14
1251,1954-04-01,-0.08
1252,1954-05-01,-0.11
1253,1954-06-01,-0.06
1254,1954-07-01,-0.09
1255,1954-08-01,-0.05
1256,1954-09-01,-0.01
1257,1954-10-01,-0.01
1258,1954-11-01,0.09
1259,1954-12-01,-0.12
1260,1955-01-01,0.13
1261,1955-02-01,-0.17
1262,1955-03-01,-0.29
1263,1955-04-01,-0.2
1264,1955-05-01,-0.15
1265,1955-06-01,-0.08
1266,1955-07-01,-0.11
1267,1955-08-01,-0.02
1268,1955-09-01,-0.04
1269,1955-10-01,-0.09
1270,1955-11-01,-0.26
1271,1955-12-01,-0.27
1272,1956-01-01,-0.11
1273,1956-02-01,-0.17
1274,1956-03-01,-0.16
1275,1956-04-01,-0.25
1276,1956-05-01,-0.26
1277,1956-06-01,-0.16
1278,1956-07-01,-0.12
1279,1956-08-01,-0.19
1280,1956-09-01,-0.23
1281,1956-10-01,-0.22
1282,1956-11-01,-0.15
1283,1956-12-01,-0.02
1284,1957-01-01,-0.06
1285,1957-02-01,-0.09
1286,1957-03-01,-0.09
1287,1957-04-01,-0.05
1288,1957-05-01,0.06
1289,1957-06-01,0.15
1290,1957-07-01,0.01
1291,1957-08-01,0.26
1292,1957-09-01,0.17
1293,1957-10-01,0.09
1294,1957-11-01,0.08
1295,1957-12-01,0.18
1296,1958-01-01,0.35
1297,1958-02-01,0.26
1298,1958-03-01,0.12
1299,1958-04-01,0.06
1300,1958-05-01,0.1
1301,1958-06-01,-0.03
1302,1958-07-01,0.02
1303,1958-08-01,0.01
1304,1958-09-01,-0.03
1305,1958-10-01,0.04
1306,1958-11-01,0.03
1307,1958-12-01,0.08
1308,1959-01-01,0.07
1309,1959-02-01,0.1
1310,1959-03-01,0.19
1311,1959-04-01,0.17
1312,1959-05-01,0.04
1313,1959-06-01,0.11
1314,1959-07-01,0.08
1315,1959-08-01,0.04
1316,1959-09-01,0.1
1317,1959-10-01,-0.06
1318,1959-11-01,-0.03
1319,1959-12-01,0.02
1320,1960-01-01,0.05
1321,1960-02-01,0.11
1322,1960-03-01,-0.25
1323,1960-04-01,-0.09
1324,1960-05-01,-0.04
1325,1960-06-01,0.08
1326,1960-07-01,0.08
1327,1960-08-01,0.01
1328,1960-09-01,0.13
1329,1960-10-01,0.08
1330,1960-11-01,-0.11
1331,1960-12-01,0.26
1332,1961-01-01,0.14
1333,1961-02-01,0.17
1334,1961-03-01,0.1
1335,1961-04-01,0.21
1336,1961-05-01,0.04
1337,1961-06-01,0.1
1338,1961-07-01,0.05
1339,1961-08-01,0.05
1340,1961-09-01,0.08
1341,1961-10-01,-0.12
1342,1961-11-01,0.04
1343,1961-12-01,-0.09
1344,1962-01-01,0.08
1345,1962-02-01,0.11
1346,1962-03-01,0.16
1347,1962-04-01,-0.01
1348,1962-05-01,0.02
1349,1962-06-01,-0.06
1350,1962-07-01,0.1
1351,1962-08-01,0.07
1352,1962-09-01,-0.04
1353,1962-10-01,0.03
1354,1962-11-01,0.11
1355,1962-12-01,0.06
1356,1963-01-01,0.02
1357,1963-02-01,0.21
1358,1963-03-01,-0.13
1359,1963-04-01,0.01
1360,1963-05-01,-0.02
1361,1963-06-01,0.09
1362,1963-07-01,0.04
1363,1963-08-01,0.18
1364,1963-09-01,0.13
1365,1963-10-01,0.21
1366,1963-11-01,0.19
1367,1963-12-01,0.05
1368,1964-01-01,-0.08
1369,1964-02-01,-0.11
1370,1964-03-01,-0.15
1371,1964-04-01,-0.24
1372,1964-05-01,-0.15
1373,1964-06-01,-0.04
1374,1964-07-01,-0.01
1375,1964-08-01,-0.19
1376,1964-09-01,-0.15
1377,1964-10-01,-0.27
1378,1964-11-01,-0.2
1379,1964-12-01,-0.24
1380,1965-01-01,-0.08
1381,1965-02-01,-0.15
1382,1965-03-01,-0.11
1383,1965-04-01,-0.11
1384,1965-05-01,-0.19
1385,1965-06-01,-0.07
1386,1965-07-01,0.1
1387,1965-08-01,0.01
1388,1965-09-01,-0.07
1389,1965-10-01,0.01
1390,1965-11-01,0.03
1391,1965-12-01,-0.02
1392,1966-01-01,-0.14
1393,1966-02-01,-0.05
1394,1966-03-01,-0.03
1395,1966-04-01,-0.07
1396,1966-05-01,-0.1
1397,1966-06-01,0.11
1398,1966-07-01,0.09
1399,1966-08-01,-0.02
1400,1966-09-01,0.06
1401,1966-10-01,-0.14
1402,1966-11-01,0.01
1403,1966-12-01,0.01
1404,1967-01-01,-0.11
1405,1967-02-01,-0.15
1406,1967-03-01,0.05
1407,1967-04-01,0.1
1408,1967-05-01,0.21
1409,1967-06-01,0.02
1410,1967-07-01,-0.02
1411,1967-08-01,0.09
1412,1967-09-01,-0.04
1413,1967-10-01,0.12
1414,1967-11-01,-0.04
1415,1967-12-01,0.04
1416,1968-01-01,-0.18
1417,1968-02-01,-0.1
1418,1968-03-01,0.17
1419,1968-04-01,-0.04
1420,1968-05-01,-0.17
1421,1968-06-01,-0.13
1422,1968-07-01,-0.05
1423,1968-08-01,-0.03
1424,1968-09-01,-0.11
1425,1968-10-01,0.04
1426,1968-11-01,-0.05
1427,1968-12-01,-0.07
1428,1969-01-01,-0.08
1429,1969-02-01,-0.11
1430,1969-03-01,0.08
1431,1969-04-01,0.11
1432,1969-05-01,0.18
1433,1969-06-01,0.1
1434,1969-07-01,0.1
1435,1969-08-01,0.1
1436,1969-09-01,0.14
1437,1969-10-01,0.1
1438,1969-11-01,0.15
1439,1969-12-01,0.32
1440,1970-01-01,0.15
1441,1970-02-01,0.21
1442,1970-03-01,0.07
1443,1970-04-01,0.09
1444,1970-05-01,0.05
1445,1970-06-01,0.05
1446,1970-07-01,0.03
1447,1970-08-01,0.03
1448,1970-09-01,0.06
1449,1970-10-01,-0.03
1450,1970-11-01,0.04
1451,1970-12-01,-0.1
1452,1971-01-01,-0.02
1453,1971-02-01,-0.15
1454,1971-03-01,-0.09
1455,1971-04-01,-0.09
1456,1971-05-01,-0.03
1457,1971-06-01,-0.06
1458,1971-07-01,0.1
1459,1971-08-01,-0.02
1460,1971-09-01,0.01
1461,1971-10-01,-0.07
1462,1971-11-01,-0.05
1463,1971-12-01,-0.05
1464,1972-01-01,-0.24
1465,1972-02-01,-0.16
1466,1972-03-01,0.06
1467,1972-04-01,0.05
1468,1972-05-01,0.01
1469,1972-06-01,0.08
1470,1972-07-01,0.06
1471,1972-08-01,0.09
1472,1972-09-01,0.03
1473,1972-10-01,0.12
1474,1972-11-01,0.06
1475,1972-12-01,0.14
1476,1973-01-01,0.34
1477,1973-02-01,0.38
1478,1973-03-01,0.35
1479,1973-04-01,0.28
1480,1973-05-01,0.24
1481,1973-06-01,0.25
1482,1973-07-01,0.15
1483,1973-08-01,0.13
1484,1973-09-01,0.11
1485,1973-10-01,0.06
1486,1973-11-01,0.02
1487,1973-12-01,0.05
1488,1974-01-01,-0.08
1489,1974-02-01,-0.24
1490,1974-03-01,-0.01
1491,1974-04-01,-0.06
1492,1974-05-01,-0.02
1493,1974-06-01,-0.05
1494,1974-07-01,0.04
1495,1974-08-01,0.05
1496,1974-09-01,-0.02
1497,1974-10-01,-0.06
1498,1974-11-01,-0.09
1499,1974-12-01,-0.06
1500,1975-01-01,0.06
1501,1975-02-01,0.08
1502,1975-03-01,0.11
1503,1975-04-01,0.11
1504,1975-05-01,0.08
1505,1975-06-01,0.06
1506,1975-07-01,0.04
1507,1975-08-01,-0.02
1508,1975-09-01,0.04
1509,1975-10-01,-0.12
1510,1975-11-01,-0.17
1511,1975-12-01,-0.1
1512,1976-01-01,-0.01
1513,1976-02-01,-0.08
1514,1976-03-01,-0.13
1515,1976-04-01,0.04
1516,1976-05-01,-0.11
1517,1976-06-01,-0.05
1518,1976-07-01,-0.03
1519,1976-08-01,0.01
1520,1976-09-01,0.03
1521,1976-10-01,-0.16
1522,1976-11-01,-0.03
1523,1976-12-01,0.12
1524,1977-01-01,0.2
1525,1977-02-01,0.22
1526,1977-03-01,0.25
1527,1977-04-01,0.28
1528,1977-05-01,0.28
1529,1977-06-01,0.26
1530,1977-07-01,0.18
1531,1977-08-01,0.16
1532,1977-09-01,0.2
1533,1977-10-01,0.12
1534,1977-11-01,0.23
1535,1977-12-01,0.11
1536,1978-01-01,0.15
1537,1978-02-01,0.15
1538,1978-03-01,0.23
1539,1978-04-01,0.14
1540,1978-05-01,0.1
1541,1978-06-01,0.05
1542,1978-07-01,0.06
1543,1978-08-01,-0.1
1544,1978-09-01,0.1
1545,1978-10-01,0.07
1546,1978-11-01,0.21
1547,1978-12-01,0.12
1548,1979-01-01,0.14
1549,1979-02-01,-0.06
1550,1979-03-01,0.2
1551,1979-04-01,0.1
1552,1979-05-01,0.18
1553,1979-06-01,0.23
1554,1979-07-01,0.23
1555,1979-08-01,0.25
1556,1979-09-01,0.28
1557,1979-10-01,0.31
1558,1979-11-01,0.31
1559,1979-12-01,0.5
1560,1980-01-01,0.35
1561,1980-02-01,0.43
1562,1980-03-01,0.32
1563,1980-04-01,0.33
1564,1980-05-01,0.38
1565,1980-06-01,0.28
1566,1980-07-01,0.27
1567,1980-08-01,0.22
1568,1980-09-01,0.2
1569,1980-10-01,0.2
1570,1980-11-01,0.27
1571,1980-12-01,0.23
1572,1981-01-01,0.55
1573,1981-02-01,0.43
1574,1981-03-01,0.45
1575,1981-04-01,0.38
1576,1981-05-01,0.31
1577,1981-06-01,0.34
1578,1981-07-01,0.27
1579,1981-08-01,0.26
1580,1981-09-01,0.23
1581,1981-10-01,0.25
1582,1981-11-01,0.31
1583,1981-12-01,0.45
1584,1982-01-01,0.11
1585,1982-02-01,0.21
1586,1982-03-01,0.12
1587,1982-04-01,0.21
1588,1982-05-01,0.18
1589,1982-06-01,0.16
1590,1982-07-01,0.18
1591,1982-08-01,0.15
1592,1982-09-01,0.23
1593,1982-10-01,0.18
1594,1982-11-01,0.13
1595,1982-12-01,0.41
1596,1983-01-01,0.51
1597,1983-02-01,0.46
1598,1983-03-01,0.44
1599,1983-04-01,0.25
1600,1983-05-01,0.29
1601,1983-06-01,0.31
1602,1983-07-01,0.31
1603,1983-08-01,0.36
1604,1983-09-01,0.34
1605,1983-10-01,0.23
1606,1983-11-01,0.37
1607,1983-12-01,0.27
1608,1984-01-01,0.31
1609,1984-02-01,0.22
1610,1984-03-01,0.28
1611,1984-04-01,0.13
1612,1984-05-01,0.32
1613,1984-06-01,0.17
1614,1984-07-01,0.16
1615,1984-08-01,0.19
1616,1984-09-01,0.2
1617,1984-10-01,0.2
1618,1984-11-01,0.11
1619,1984-12-01,0.06
1620,1985-01-01,0.29
1621,1985-02-01,0.08
1622,1985-03-01,0.25
1623,1985-04-01,0.12
1624,1985-05-01,0.22
1625,1985-06-01,0.16
1626,1985-07-01,0.1
1627,1985-08-01,0.15
1628,1985-09-01,0.16
1629,1985-10-01,0.16
1630,1985-11-01,0.14
1631,1985-12-01,0.17
1632,1986-01-01,0.23
1633,1986-02-01,0.38
1634,1986-03-01,0.33
1635,1986-04-01,0.27
1636,1986-05-01,0.35
1637,1986-06-01,0.22
1638,1986-07-01,0.13
1639,1986-08-01,0.15
1640,1986-09-01,0.04
1641,1986-10-01,0.18
1642,1986-11-01,0.13
1643,1986-12-01,0.17
1644,1987-01-01,0.3
1645,1987-02-01,0.36
1646,1987-03-01,0.15
1647,1987-04-01,0.21
1648,1987-05-01,0.33
1649,1987-06-01,0.4
1650,1987-07-01,0.46
1651,1987-08-01,0.34
1652,1987-09-01,0.4
1653,1987-10-01,0.35
1654,1987-11-01,0.26
1655,1987-12-01,0.48
1656,1988-01-01,0.54
1657,1988-02-01,0.46
1658,1988-03-01,0.46
1659,1988-04-01,0.46
1660,1988-05-01,0.48
1661,1988-06-01,0.41
1662,1988-07-01,0.39
1663,1988-08-01,0.51
1664,1988-09-01,0.41
1665,1988-10-01,0.4
1666,1988-11-01,0.16
1667,1988-12-01,0.32
1668,1989-01-01,0.12
1669,1989-02-01,0.33
1670,1989-03-01,0.36
1671,1989-04-01,0.4
1672,1989-05-01,0.24
1673,1989-06-01,0.1
1674,1989-07-01,0.33
1675,1989-08-01,0.32
1676,1989-09-01,0.4
1677,1989-10-01,0.35
1678,1989-11-01,0.19
1679,1989-12-01,0.4
1680,1990-01-01,0.4
1681,1990-02-01,0.38
1682,1990-03-01,0.78
1683,1990-04-01,0.62
1684,1990-05-01,0.51
1685,1990-06-01,0.42
1686,1990-07-01,0.36
1687,1990-08-01,0.38
1688,1990-09-01,0.3
1689,1990-10-01,0.41
1690,1990-11-01,0.42
1691,1990-12-01,0.41
1692,1991-01-01,0.42
1693,1991-02-01,0.52
1694,1991-03-01,0.38
1695,1991-04-01,0.59
1696,1991-05-01,0.44
1697,1991-06-01,0.56
1698,1991-07-01,0.41
1699,1991-08-01,0.37
1700,1991-09-01,0.39
1701,1991-10-01,0.33
1702,1991-11-01,0.31
1703,1991-12-01,0.32
1704,1992-01-01,0.44
1705,1992-02-01,0.42
1706,1992-03-01,0.46
1707,1992-04-01,0.24
1708,1992-05-01,0.37
1709,1992-06-01,0.28
1710,1992-07-01,0.13
1711,1992-08-01,0.11
1712,1992-09-01,0.06
1713,1992-10-01,0.02
1714,1992-11-01,0.05
1715,1992-12-01,0.22
1716,1993-01-01,0.34
1717,1993-02-01,0.39
1718,1993-03-01,0.38
1719,1993-04-01,0.36
1720,1993-05-01,0.31
1721,1993-06-01,0.32
1722,1993-07-01,0.31
1723,1993-08-01,0.11
1724,1993-09-01,0.21
1725,1993-10-01,0.22
1726,1993-11-01,0.1
1727,1993-12-01,0.18
1728,1994-01-01,0.22
1729,1994-02-01,0.06
1730,1994-03-01,0.3
1731,1994-04-01,0.41
1732,1994-05-01,0.32
1733,1994-06-01,0.43
1734,1994-07-01,0.32
1735,1994-08-01,0.26
1736,1994-09-01,0.27
1737,1994-10-01,0.45
1738,1994-11-01,0.42
1739,1994-12-01,0.4
1740,1995-01-01,0.55
1741,1995-02-01,0.77
1742,1995-03-01,0.49
1743,1995-04-01,0.51
1744,1995-05-01,0.32
1745,1995-06-01,0.5
1746,1995-07-01,0.44
1747,1995-08-01,0.5
1748,1995-09-01,0.44
1749,1995-10-01,0.44
1750,1995-11-01,0.48
1751,1995-12-01,0.32
1752,1996-01-01,0.28
1753,1996-02-01,0.49
1754,1996-03-01,0.37
1755,1996-04-01,0.37
1756,1996-05-01,0.34
1757,1996-06-01,0.37
1758,1996-07-01,0.35
1759,1996-08-01,0.44
1760,1996-09-01,0.27
1761,1996-10-01,0.17
1762,1996-11-01,0.44
1763,1996-12-01,0.38
1764,1997-01-01,0.3
1765,1997-02-01,0.39
1766,1997-03-01,0.52
1767,1997-04-01,0.41
1768,1997-05-01,0.42
1769,1997-06-01,0.57
1770,1997-07-01,0.42
1771,1997-08-01,0.47
1772,1997-09-01,0.59
1773,1997-10-01,0.68
1774,1997-11-01,0.65
1775,1997-12-01,0.59
1776,1998-01-01,0.58
1777,1998-02-01,0.83
1778,1998-03-01,0.68
1779,1998-04-01,0.7
1780,1998-05-01,0.69
1781,1998-06-01,0.76
1782,1998-07-01,0.7
1783,1998-08-01,0.68
1784,1998-09-01,0.48
1785,1998-10-01,0.44
1786,1998-11-01,0.45
1787,1998-12-01,0.59
1788,1999-01-01,0.49
1789,1999-02-01,0.63
1790,1999-03-01,0.39
1791,1999-04-01,0.37
1792,1999-05-01,0.34
1793,1999-06-01,0.38
1794,1999-07-01,0.41
1795,1999-08-01,0.33
1796,1999-09-01,0.46
1797,1999-10-01,0.37
1798,1999-11-01,0.38
1799,1999-12-01,0.47
1800,2000-01-01,0.34
1801,2000-02-01,0.57
1802,2000-03-01,0.59
1803,2000-04-01,0.61
1804,2000-05-01,0.39
1805,2000-06-01,0.37
1806,2000-07-01,0.41
1807,2000-08-01,0.46
1808,2000-09-01,0.43
1809,2000-10-01,0.33
1810,2000-11-01,0.33
1811,2000-12-01,0.31
1812,2001-01-01,0.44
1813,2001-02-01,0.46
1814,2001-03-01,0.57
1815,2001-04-01,0.56
1816,2001-05-01,0.58
1817,2001-06-01,0.55
1818,2001-07-01,0.62
1819,2001-08-01,0.48
1820,2001-09-01,0.58
1821,2001-10-01,0.47
1822,2001-11-01,0.71
1823,2001-12-01,0.63
1824,2002-01-01,0.68
1825,2002-02-01,0.7
1826,2002-03-01,0.86
1827,2002-04-01,0.56
1828,2002-05-01,0.66
1829,2002-06-01,0.54
1830,2002-07-01,0.59
1831,2002-08-01,0.53
1832,2002-09-01,0.66
1833,2002-10-01,0.56
1834,2002-11-01,0.62
1835,2002-12-01,0.5
1836,2003-01-01,0.71
1837,2003-02-01,0.57
1838,2003-03-01,0.61
1839,2003-04-01,0.61
1840,2003-05-01,0.64
1841,2003-06-01,0.52
1842,2003-07-01,0.6
1843,2003-08-01,0.6
1844,2003-09-01,0.66
1845,2003-10-01,0.77
1846,2003-11-01,0.55
1847,2003-12-01,0.75
1848,2004-01-01,0.58
1849,2004-02-01,0.67
1850,2004-03-01,0.66
1851,2004-04-01,0.66
1852,2004-05-01,0.43
1853,2004-06-01,0.48
1854,2004-07-01,0.32
1855,2004-08-01,0.44
1856,2004-09-01,0.52
1857,2004-10-01,0.61
1858,2004-11-01,0.72
1859,2004-12-01,0.49
1860,2005-01-01,0.75
1861,2005-02-01,0.62
1862,2005-03-01,0.77
1863,2005-04-01,0.7
1864,2005-05-01,0.7
1865,2005-06-01,0.67
1866,2005-07-01,0.66
1867,2005-08-01,0.59
1868,2005-09-01,0.73
1869,2005-10-01,0.75
1870,2005-11-01,0.78
1871,2005-12-01,0.74
1872,2006-01-01,0.63
1873,2006-02-01,0.81
1874,2006-03-01,0.67
1875,2006-04-01,0.53
1876,2006-05-01,0.52
1877,2006-06-01,0.66
1878,2006-07-01,0.55
1879,2006-08-01,0.72
1880,2006-09-01,0.69
1881,2006-10-01,0.68
1882,2006-11-01,0.72
1883,2006-12-01,0.78
1884,2007-01-01,0.94
1885,2007-02-01,0.73
1886,2007-03-01,0.69
1887,2007-04-01,0.81
1888,2007-05-01,0.66
1889,2007-06-01,0.58
1890,2007-07-01,0.59
1891,2007-08-01,0.58
1892,2007-09-01,0.61
1893,2007-10-01,0.61
1894,2007-11-01,0.58
1895,2007-12-01,0.52
1896,2008-01-01,0.29
1897,2008-02-01,0.35
1898,2008-03-01,0.74
1899,2008-04-01,0.52
1900,2008-05-01,0.52
1901,2008-06-01,0.51
1902,2008-07-01,0.57
1903,2008-08-01,0.48
1904,2008-09-01,0.63
1905,2008-10-01,0.7
1906,2008-11-01,0.71
1907,2008-12-01,0.57
1908,2009-01-01,0.67
1909,2009-02-01,0.52
1910,2009-03-01,0.54
1911,2009-04-01,0.59
1912,2009-05-01,0.62
1913,2009-06-01,0.64
1914,2009-07-01,0.72
1915,2009-08-01,0.71
1916,2009-09-01,0.74
1917,2009-10-01,0.69
1918,2009-11-01,0.81
1919,2009-12-01,0.7
1920,2010-01-01,0.75
1921,2010-02-01,0.83
1922,2010-03-01,0.9
1923,2010-04-01,0.89
1924,2010-05-01,0.79
1925,2010-06-01,0.71
1926,2010-07-01,0.66
1927,2010-08-01,0.67
1928,2010-09-01,0.62
1929,2010-10-01,0.68
1930,2010-11-01,0.79
1931,2010-12-01,0.52
1932,2011-01-01,0.56
1933,2011-02-01,0.51
1934,2011-03-01,0.68
1935,2011-04-01,0.65
1936,2011-05-01,0.56
1937,2011-06-01,0.63
1938,2011-07-01,0.72
1939,2011-08-01,0.7
1940,2011-09-01,0.61
1941,2011-10-01,0.71
1942,2011-11-01,0.6
1943,2011-12-01,0.61
1944,2012-01-01,0.48
1945,2012-02-01,0.54
1946,2012-03-01,0.55
1947,2012-04-01,0.75
1948,2012-05-01,0.75
1949,2012-06-01,0.67
1950,2012-07-01,0.64
1951,2012-08-01,0.65
1952,2012-09-01,0.75
1953,2012-10-01,0.79
1954,2012-11-01,0.8
1955,2012-12-01,0.56
1956,2013-01-01,0.7
1957,2013-02-01,0.62
1958,2013-03-01,0.68
1959,2013-04-01,0.58
1960,2013-05-01,0.67
1961,2013-06-01,0.68
1962,2013-07-01,0.61
1963,2013-08-01,0.7
1964,2013-09-01,0.77
1965,2013-10-01,0.68
1966,2013-11-01,0.81
1967,2013-12-01,0.72
1968,2014-01-01,0.75
1969,2014-02-01,0.57
1970,2014-03-01,0.82
1971,2014-04-01,0.85
1972,2014-05-01,0.87
1973,2014-06-01,0.73
1974,2014-07-01,0.62
1975,2014-08-01,0.83
1976,2014-09-01,0.87
1977,2014-10-01,0.82
1978,2014-11-01,0.69
1979,2014-12-01,0.79
1980,2015-01-01,0.82
1981,2015-02-01,0.89
1982,2015-03-01,0.97
1983,2015-04-01,0.81
1984,2015-05-01,0.82
1985,2015-06-01,0.88
1986,2015-07-01,0.77
1987,2015-08-01,0.83
1988,2015-09-01,0.91
1989,2015-10-01,1.11
1990,2015-11-01,1.06
1991,2015-12-01,1.14
1992,2016-01-01,1.23
1993,2016-02-01,1.34
1994,2016-03-01,1.35
1995,2016-04-01,1.15
1996,2016-05-01,1.0
1997,2016-06-01,0.84
1998,2016-07-01,0.86
1999,2016-08-01,0.96
2000,2016-09-01,0.92
2001,2016-10-01,0.89
2002,2016-11-01,0.95
2003,2016-12-01,0.9
2004,2017-01-01,1.06
2005,2017-02-01,1.12
2006,2017-03-01,1.18
2007,2017-04-01,0.98
2008,2017-05-01,0.91
2009,2017-06-01,0.77
2010,2017-07-01,0.83
2011,2017-08-01,0.89
2012,2017-09-01,0.84
2013,2017-10-01,0.92
2014,2017-11-01,0.92
2015,2017-12-01,0.99
2016,2018-01-01,0.83
2017,2018-02-01,0.89
2018,2018-03-01,0.93
2019,2018-04-01,0.9
2020,2018-05-01,0.82
2021,2018-06-01,0.76
2022,2018-07-01,0.8
2023,2018-08-01,0.75
2024,2018-09-01,0.81
2025,2018-10-01,1.06
2026,2018-11-01,0.84
2027,2018-12-01,0.93
2028,2019-01-01,0.92
2029,2019-02-01,0.92
2030,2019-03-01,1.16
2031,2019-04-01,1.03
2032,2019-05-01,0.9
2033,2019-06-01,0.91
2034,2019-07-01,0.91
2035,2019-08-01,0.91
2036,2019-09-01,0.97
2037,2019-10-01,1.01
2038,2019-11-01,0.99
2039,2019-12-01,1.1
2040,2020-01-01,1.14
2041,2020-02-01,1.2
2042,2020-03-01,1.16
2043,2020-04-01,1.14
2044,2020-05-01,1.0
2045,2020-06-01,0.93
2046,2020-07-01,0.91
2047,2020-08-01,0.9
2048,2020-09-01,0.98
2049,2020-10-01,0.91
2050,2020-11-01,1.06
2051,2020-12-01,0.84
2052,2021-01-01,0.84
2053,2021-02-01,0.66
2054,2021-03-01,0.89
2055,2021-04-01,0.8
2056,2021-05-01,0.81
2057,2021-06-01,0.86
2058,2021-07-01,0.92
2059,2021-08-01,0.84
2060,2021-09-01,0.92
2061,2021-10-01,1.0
2062,2021-11-01,0.95
2063,2021-12-01,0.87
2064,2022-01-01,0.93
2065,2022-02-01,0.92
2066,2022-03-01,1.11
2067,2022-04-01,0.9
2068,2022-05-01,0.86
2069,2022-06-01,0.9
2070,2022-07-01,0.89
2071,2022-08-01,0.93
